{
  "type": "FeatureCollection",
  "features": [
    {
      "type": "Feature",
      "geometry": {
        "type": "Polygon",
        "coordinates": [
          [
            [
              4632.785666356867,
              4233.885241871295
            ],
            [
              4679.071630748441,
              4225.72377752095
            ],
            [
              4681.676353413445,
              4240.495893816133
            ],
            [
              4635.390389021872,
              4248.657358166478
            ],
            [
              4632.785666356867,
              4233.885241871295
            ]
          ]
        ]
      },
      "properties": {
        "id": "050",
        "lote": "050",
        "estatus": "disponible",
        "paquete": null,
        "seccion": "ORO",
        "manzana": "A",
        "manzanaId": "A"
      }
    },
    {
      "type": "Feature",
      "geometry": {
        "type": "Polygon",
        "coordinates": [
          [
            [
              4685.965285019526,
              4224.5082402772805
            ],
            [
              4732.251249411101,
              4216.346775926935
            ],
            [
              4734.855972076104,
              4231.118892222118
            ],
            [
              4688.5700076845305,
              4239.2803565724635
            ],
            [
              4685.965285019526,
              4224.5082402772805
            ]
          ]
        ]
      },
      "properties": {
        "id": "040",
        "lote": "040",
        "estatus": "disponible",
        "paquete": null,
        "seccion": "ORO",
        "manzana": "A",
        "manzanaId": "A"
      }
    },
    {
      "type": "Feature",
      "geometry": {
        "type": "Polygon",
        "coordinates": [
          [
            [
              4739.144903682186,
              4215.131238683267
            ],
            [
              4785.4308680737595,
              4206.969774332921
            ],
            [
              4788.035590738764,
              4221.741890628104
            ],
            [
              4741.749626347189,
              4229.90335497845
            ],
            [
              4739.144903682186,
              4215.131238683267
            ]
          ]
        ]
      },
      "properties": {
        "id": "030",
        "lote": "030",
        "estatus": "disponible",
        "paquete": null,
        "seccion": "ORO",
        "manzana": "A",
        "manzanaId": "A"
      }
    },
    {
      "type": "Feature",
      "geometry": {
        "type": "Polygon",
        "coordinates": [
          [
            [
              4792.324522344845,
              4205.7542370892525
            ],
            [
              4838.610486736418,
              4197.592772738906
            ],
            [
              4841.215209401423,
              4212.36488903409
            ],
            [
              4794.929245009849,
              4220.526353384435
            ],
            [
              4792.324522344845,
              4205.7542370892525
            ]
          ]
        ]
      },
      "properties": {
        "id": "020",
        "lote": "020",
        "estatus": "disponible",
        "paquete": null,
        "seccion": "ORO",
        "manzana": "A",
        "manzanaId": "A"
      }
    },
    {
      "type": "Feature",
      "geometry": {
        "type": "Polygon",
        "coordinates": [
          [
            [
              4845.504141007505,
              4196.377235495238
            ],
            [
              4891.790105399078,
              4188.215771144893
            ],
            [
              4894.394828064082,
              4202.987887440076
            ],
            [
              4848.108863672508,
              4211.149351790421
            ],
            [
              4845.504141007505,
              4196.377235495238
            ]
          ]
        ]
      },
      "properties": {
        "id": "010",
        "lote": "010",
        "estatus": "disponible",
        "paquete": null,
        "seccion": "ORO",
        "manzana": "A",
        "manzanaId": "A"
      }
    },
    {
      "type": "Feature",
      "geometry": {
        "type": "Polygon",
        "coordinates": [
          [
            [
              4636.432278087873,
              4254.566204684551
            ],
            [
              4682.718242479446,
              4246.404740334206
            ],
            [
              4685.322965144451,
              4261.176856629389
            ],
            [
              4639.037000752876,
              4269.338320979735
            ],
            [
              4636.432278087873,
              4254.566204684551
            ]
          ]
        ]
      },
      "properties": {
        "id": "049",
        "lote": "049",
        "estatus": "disponible",
        "paquete": null,
        "seccion": "ORO",
        "manzana": "A",
        "manzanaId": "A"
      }
    },
    {
      "type": "Feature",
      "geometry": {
        "type": "Polygon",
        "coordinates": [
          [
            [
              4689.611896750532,
              4245.189203090537
            ],
            [
              4735.897861142106,
              4237.027738740191
            ],
            [
              4738.50258380711,
              4251.799855035374
            ],
            [
              4692.216619415536,
              4259.96131938572
            ],
            [
              4689.611896750532,
              4245.189203090537
            ]
          ]
        ]
      },
      "properties": {
        "id": "039",
        "lote": "039",
        "estatus": "disponible",
        "paquete": null,
        "seccion": "ORO",
        "manzana": "A",
        "manzanaId": "A"
      }
    },
    {
      "type": "Feature",
      "geometry": {
        "type": "Polygon",
        "coordinates": [
          [
            [
              4742.7915154131915,
              4235.812201496523
            ],
            [
              4789.077479804765,
              4227.650737146178
            ],
            [
              4791.682202469769,
              4242.4228534413605
            ],
            [
              4745.396238078195,
              4250.584317791706
            ],
            [
              4742.7915154131915,
              4235.812201496523
            ]
          ]
        ]
      },
      "properties": {
        "id": "029",
        "lote": "029",
        "estatus": "disponible",
        "paquete": null,
        "seccion": "ORO",
        "manzana": "A",
        "manzanaId": "A"
      }
    },
    {
      "type": "Feature",
      "geometry": {
        "type": "Polygon",
        "coordinates": [
          [
            [
              4795.97113407585,
              4226.435199902508
            ],
            [
              4842.257098467424,
              4218.273735552163
            ],
            [
              4844.861821132428,
              4233.045851847346
            ],
            [
              4798.575856740855,
              4241.207316197691
            ],
            [
              4795.97113407585,
              4226.435199902508
            ]
          ]
        ]
      },
      "properties": {
        "id": "019",
        "lote": "019",
        "estatus": "disponible",
        "paquete": null,
        "seccion": "ORO",
        "manzana": "A",
        "manzanaId": "A"
      }
    },
    {
      "type": "Feature",
      "geometry": {
        "type": "Polygon",
        "coordinates": [
          [
            [
              4849.15075273851,
              4217.058198308494
            ],
            [
              4895.436717130084,
              4208.896733958149
            ],
            [
              4898.041439795087,
              4223.668850253332
            ],
            [
              4851.755475403514,
              4231.830314603678
            ],
            [
              4849.15075273851,
              4217.058198308494
            ]
          ]
        ]
      },
      "properties": {
        "id": "009",
        "lote": "009",
        "estatus": "disponible",
        "paquete": null,
        "seccion": "ORO",
        "manzana": "A",
        "manzanaId": "A"
      }
    },
    {
      "type": "Feature",
      "geometry": {
        "type": "Polygon",
        "coordinates": [
          [
            [
              4640.078889818878,
              4275.247167497808
            ],
            [
              4686.364854210452,
              4267.085703147462
            ],
            [
              4688.969576875456,
              4281.857819442645
            ],
            [
              4642.683612483882,
              4290.019283792991
            ],
            [
              4640.078889818878,
              4275.247167497808
            ]
          ]
        ]
      },
      "properties": {
        "id": "048",
        "lote": "048",
        "estatus": "disponible",
        "paquete": null,
        "seccion": "ORO",
        "manzana": "A",
        "manzanaId": "A"
      }
    },
    {
      "type": "Feature",
      "geometry": {
        "type": "Polygon",
        "coordinates": [
          [
            [
              4693.258508481537,
              4265.870165903793
            ],
            [
              4739.544472873112,
              4257.708701553448
            ],
            [
              4742.149195538115,
              4272.480817848631
            ],
            [
              4695.863231146542,
              4280.642282198976
            ],
            [
              4693.258508481537,
              4265.870165903793
            ]
          ]
        ]
      },
      "properties": {
        "id": "038",
        "lote": "038",
        "estatus": "disponible",
        "paquete": null,
        "seccion": "ORO",
        "manzana": "A",
        "manzanaId": "A"
      }
    },
    {
      "type": "Feature",
      "geometry": {
        "type": "Polygon",
        "coordinates": [
          [
            [
              4746.438127144197,
              4256.493164309779
            ],
            [
              4792.724091535771,
              4248.3316999594335
            ],
            [
              4795.328814200775,
              4263.1038162546165
            ],
            [
              4749.042849809201,
              4271.265280604963
            ],
            [
              4746.438127144197,
              4256.493164309779
            ]
          ]
        ]
      },
      "properties": {
        "id": "028",
        "lote": "028",
        "estatus": "disponible",
        "paquete": null,
        "seccion": "ORO",
        "manzana": "A",
        "manzanaId": "A"
      }
    },
    {
      "type": "Feature",
      "geometry": {
        "type": "Polygon",
        "coordinates": [
          [
            [
              4799.617745806856,
              4247.116162715765
            ],
            [
              4845.9037101984295,
              4238.954698365419
            ],
            [
              4848.508432863434,
              4253.726814660602
            ],
            [
              4802.22246847186,
              4261.888279010948
            ],
            [
              4799.617745806856,
              4247.116162715765
            ]
          ]
        ]
      },
      "properties": {
        "id": "018",
        "lote": "018",
        "estatus": "disponible",
        "paquete": null,
        "seccion": "ORO",
        "manzana": "A",
        "manzanaId": "A"
      }
    },
    {
      "type": "Feature",
      "geometry": {
        "type": "Polygon",
        "coordinates": [
          [
            [
              4852.797364469516,
              4237.739161121751
            ],
            [
              4899.083328861089,
              4229.577696771405
            ],
            [
              4901.688051526093,
              4244.3498130665885
            ],
            [
              4855.402087134519,
              4252.511277416934
            ],
            [
              4852.797364469516,
              4237.739161121751
            ]
          ]
        ]
      },
      "properties": {
        "id": "008",
        "lote": "008",
        "estatus": "disponible",
        "paquete": null,
        "seccion": "ORO",
        "manzana": "A",
        "manzanaId": "A"
      }
    },
    {
      "type": "Feature",
      "geometry": {
        "type": "Polygon",
        "coordinates": [
          [
            [
              4643.725501549884,
              4295.928130311064
            ],
            [
              4690.011465941458,
              4287.7666659607185
            ],
            [
              4692.616188606462,
              4302.538782255901
            ],
            [
              4646.3302242148875,
              4310.700246606247
            ],
            [
              4643.725501549884,
              4295.928130311064
            ]
          ]
        ]
      },
      "properties": {
        "id": "047",
        "lote": "047",
        "estatus": "disponible",
        "paquete": null,
        "seccion": "ORO",
        "manzana": "A",
        "manzanaId": "A"
      }
    },
    {
      "type": "Feature",
      "geometry": {
        "type": "Polygon",
        "coordinates": [
          [
            [
              4696.905120212543,
              4286.55112871705
            ],
            [
              4743.191084604117,
              4278.389664366704
            ],
            [
              4745.795807269121,
              4293.161780661887
            ],
            [
              4699.509842877547,
              4301.323245012233
            ],
            [
              4696.905120212543,
              4286.55112871705
            ]
          ]
        ]
      },
      "properties": {
        "id": "037",
        "lote": "037",
        "estatus": "disponible",
        "paquete": null,
        "seccion": "ORO",
        "manzana": "A",
        "manzanaId": "A"
      }
    },
    {
      "type": "Feature",
      "geometry": {
        "type": "Polygon",
        "coordinates": [
          [
            [
              4750.084738875203,
              4277.174127123036
            ],
            [
              4796.370703266776,
              4269.0126627726895
            ],
            [
              4798.97542593178,
              4283.784779067873
            ],
            [
              4752.689461540206,
              4291.946243418219
            ],
            [
              4750.084738875203,
              4277.174127123036
            ]
          ]
        ]
      },
      "properties": {
        "id": "027",
        "lote": "027",
        "estatus": "disponible",
        "paquete": null,
        "seccion": "ORO",
        "manzana": "A",
        "manzanaId": "A"
      }
    },
    {
      "type": "Feature",
      "geometry": {
        "type": "Polygon",
        "coordinates": [
          [
            [
              4803.2643575378615,
              4267.797125529021
            ],
            [
              4849.550321929435,
              4259.635661178676
            ],
            [
              4852.1550445944395,
              4274.407777473859
            ],
            [
              4805.869080202866,
              4282.569241824204
            ],
            [
              4803.2643575378615,
              4267.797125529021
            ]
          ]
        ]
      },
      "properties": {
        "id": "017",
        "lote": "017",
        "estatus": "disponible",
        "paquete": null,
        "seccion": "ORO",
        "manzana": "A",
        "manzanaId": "A"
      }
    },
    {
      "type": "Feature",
      "geometry": {
        "type": "Polygon",
        "coordinates": [
          [
            [
              4856.44397620052,
              4258.420123935007
            ],
            [
              4902.729940592095,
              4250.2586595846615
            ],
            [
              4905.334663257098,
              4265.030775879844
            ],
            [
              4859.048698865525,
              4273.19224023019
            ],
            [
              4856.44397620052,
              4258.420123935007
            ]
          ]
        ]
      },
      "properties": {
        "id": "007",
        "lote": "007",
        "estatus": "disponible",
        "paquete": null,
        "seccion": "ORO",
        "manzana": "A",
        "manzanaId": "A"
      }
    },
    {
      "type": "Feature",
      "geometry": {
        "type": "Polygon",
        "coordinates": [
          [
            [
              4647.37211328089,
              4316.609093124321
            ],
            [
              4693.658077672463,
              4308.447628773974
            ],
            [
              4696.2628003374675,
              4323.219745069157
            ],
            [
              4649.976835945893,
              4331.381209419504
            ],
            [
              4647.37211328089,
              4316.609093124321
            ]
          ]
        ]
      },
      "properties": {
        "id": "046",
        "lote": "046",
        "estatus": "disponible",
        "paquete": null,
        "seccion": "ORO",
        "manzana": "A",
        "manzanaId": "A"
      }
    },
    {
      "type": "Feature",
      "geometry": {
        "type": "Polygon",
        "coordinates": [
          [
            [
              4700.5517319435485,
              4307.232091530306
            ],
            [
              4746.837696335122,
              4299.070627179961
            ],
            [
              4749.442419000126,
              4313.842743475144
            ],
            [
              4703.156454608553,
              4322.004207825489
            ],
            [
              4700.5517319435485,
              4307.232091530306
            ]
          ]
        ]
      },
      "properties": {
        "id": "036",
        "lote": "036",
        "estatus": "disponible",
        "paquete": null,
        "seccion": "ORO",
        "manzana": "A",
        "manzanaId": "A"
      }
    },
    {
      "type": "Feature",
      "geometry": {
        "type": "Polygon",
        "coordinates": [
          [
            [
              4753.731350606208,
              4297.855089936292
            ],
            [
              4800.017314997782,
              4289.693625585946
            ],
            [
              4802.622037662785,
              4304.465741881129
            ],
            [
              4756.336073271212,
              4312.627206231475
            ],
            [
              4753.731350606208,
              4297.855089936292
            ]
          ]
        ]
      },
      "properties": {
        "id": "026",
        "lote": "026",
        "estatus": "disponible",
        "paquete": null,
        "seccion": "ORO",
        "manzana": "A",
        "manzanaId": "A"
      }
    },
    {
      "type": "Feature",
      "geometry": {
        "type": "Polygon",
        "coordinates": [
          [
            [
              4806.910969268867,
              4288.478088342278
            ],
            [
              4853.196933660441,
              4280.316623991932
            ],
            [
              4855.801656325445,
              4295.088740287115
            ],
            [
              4809.5156919338715,
              4303.250204637461
            ],
            [
              4806.910969268867,
              4288.478088342278
            ]
          ]
        ]
      },
      "properties": {
        "id": "016",
        "lote": "016",
        "estatus": "disponible",
        "paquete": null,
        "seccion": "ORO",
        "manzana": "A",
        "manzanaId": "A"
      }
    },
    {
      "type": "Feature",
      "geometry": {
        "type": "Polygon",
        "coordinates": [
          [
            [
              4860.090587931526,
              4279.101086748264
            ],
            [
              4906.3765523231,
              4270.939622397917
            ],
            [
              4908.981274988104,
              4285.711738693101
            ],
            [
              4862.69531059653,
              4293.873203043447
            ],
            [
              4860.090587931526,
              4279.101086748264
            ]
          ]
        ]
      },
      "properties": {
        "id": "006",
        "lote": "006",
        "estatus": "disponible",
        "paquete": null,
        "seccion": "ORO",
        "manzana": "A",
        "manzanaId": "A"
      }
    },
    {
      "type": "Feature",
      "geometry": {
        "type": "Polygon",
        "coordinates": [
          [
            [
              4651.018725011895,
              4337.290055937577
            ],
            [
              4697.304689403469,
              4329.128591587231
            ],
            [
              4699.909412068473,
              4343.900707882414
            ],
            [
              4653.623447676899,
              4352.06217223276
            ],
            [
              4651.018725011895,
              4337.290055937577
            ]
          ]
        ]
      },
      "properties": {
        "id": "045",
        "lote": "045",
        "estatus": "disponible",
        "paquete": null,
        "seccion": "ORO",
        "manzana": "A",
        "manzanaId": "A"
      }
    },
    {
      "type": "Feature",
      "geometry": {
        "type": "Polygon",
        "coordinates": [
          [
            [
              4704.198343674554,
              4327.913054343562
            ],
            [
              4750.484308066128,
              4319.751589993217
            ],
            [
              4753.089030731132,
              4334.5237062884
            ],
            [
              4706.803066339558,
              4342.685170638746
            ],
            [
              4704.198343674554,
              4327.913054343562
            ]
          ]
        ]
      },
      "properties": {
        "id": "035",
        "lote": "035",
        "estatus": "disponible",
        "paquete": null,
        "seccion": "ORO",
        "manzana": "A",
        "manzanaId": "A"
      }
    },
    {
      "type": "Feature",
      "geometry": {
        "type": "Polygon",
        "coordinates": [
          [
            [
              4757.377962337214,
              4318.536052749549
            ],
            [
              4803.663926728787,
              4310.374588399202
            ],
            [
              4806.268649393791,
              4325.146704694385
            ],
            [
              4759.982685002217,
              4333.308169044732
            ],
            [
              4757.377962337214,
              4318.536052749549
            ]
          ]
        ]
      },
      "properties": {
        "id": "025",
        "lote": "025",
        "estatus": "disponible",
        "paquete": null,
        "seccion": "ORO",
        "manzana": "A",
        "manzanaId": "A"
      }
    },
    {
      "type": "Feature",
      "geometry": {
        "type": "Polygon",
        "coordinates": [
          [
            [
              4810.557580999873,
              4309.159051155534
            ],
            [
              4856.843545391446,
              4300.997586805189
            ],
            [
              4859.448268056451,
              4315.769703100372
            ],
            [
              4813.162303664877,
              4323.931167450717
            ],
            [
              4810.557580999873,
              4309.159051155534
            ]
          ]
        ]
      },
      "properties": {
        "id": "015",
        "lote": "015",
        "estatus": "disponible",
        "paquete": null,
        "seccion": "ORO",
        "manzana": "A",
        "manzanaId": "A"
      }
    },
    {
      "type": "Feature",
      "geometry": {
        "type": "Polygon",
        "coordinates": [
          [
            [
              4863.737199662532,
              4299.78204956152
            ],
            [
              4910.023164054106,
              4291.620585211174
            ],
            [
              4912.6278867191095,
              4306.392701506357
            ],
            [
              4866.341922327536,
              4314.554165856703
            ],
            [
              4863.737199662532,
              4299.78204956152
            ]
          ]
        ]
      },
      "properties": {
        "id": "005",
        "lote": "005",
        "estatus": "disponible",
        "paquete": null,
        "seccion": "ORO",
        "manzana": "A",
        "manzanaId": "A"
      }
    },
    {
      "type": "Feature",
      "geometry": {
        "type": "Polygon",
        "coordinates": [
          [
            [
              4654.665336742901,
              4357.9710187508335
            ],
            [
              4700.951301134474,
              4349.809554400487
            ],
            [
              4703.556023799479,
              4364.58167069567
            ],
            [
              4657.270059407904,
              4372.7431350460165
            ],
            [
              4654.665336742901,
              4357.9710187508335
            ]
          ]
        ]
      },
      "properties": {
        "id": "044",
        "lote": "044",
        "estatus": "disponible",
        "paquete": null,
        "seccion": "ORO",
        "manzana": "A",
        "manzanaId": "A"
      }
    },
    {
      "type": "Feature",
      "geometry": {
        "type": "Polygon",
        "coordinates": [
          [
            [
              4707.84495540556,
              4348.594017156819
            ],
            [
              4754.130919797133,
              4340.432552806473
            ],
            [
              4756.735642462138,
              4355.204669101657
            ],
            [
              4710.449678070564,
              4363.366133452002
            ],
            [
              4707.84495540556,
              4348.594017156819
            ]
          ]
        ]
      },
      "properties": {
        "id": "034",
        "lote": "034",
        "estatus": "disponible",
        "paquete": null,
        "seccion": "ORO",
        "manzana": "A",
        "manzanaId": "A"
      }
    },
    {
      "type": "Feature",
      "geometry": {
        "type": "Polygon",
        "coordinates": [
          [
            [
              4761.024574068219,
              4339.217015562805
            ],
            [
              4807.310538459793,
              4331.055551212459
            ],
            [
              4809.915261124796,
              4345.827667507642
            ],
            [
              4763.629296733223,
              4353.989131857988
            ],
            [
              4761.024574068219,
              4339.217015562805
            ]
          ]
        ]
      },
      "properties": {
        "id": "024",
        "lote": "024",
        "estatus": "disponible",
        "paquete": null,
        "seccion": "ORO",
        "manzana": "A",
        "manzanaId": "A"
      }
    },
    {
      "type": "Feature",
      "geometry": {
        "type": "Polygon",
        "coordinates": [
          [
            [
              4814.204192730878,
              4329.84001396879
            ],
            [
              4860.490157122452,
              4321.678549618445
            ],
            [
              4863.094879787456,
              4336.450665913628
            ],
            [
              4816.808915395883,
              4344.612130263974
            ],
            [
              4814.204192730878,
              4329.84001396879
            ]
          ]
        ]
      },
      "properties": {
        "id": "014",
        "lote": "014",
        "estatus": "disponible",
        "paquete": null,
        "seccion": "ORO",
        "manzana": "A",
        "manzanaId": "A"
      }
    },
    {
      "type": "Feature",
      "geometry": {
        "type": "Polygon",
        "coordinates": [
          [
            [
              4867.383811393537,
              4320.463012374777
            ],
            [
              4913.669775785112,
              4312.30154802443
            ],
            [
              4916.274498450115,
              4327.073664319613
            ],
            [
              4869.9885340585415,
              4335.2351286699595
            ],
            [
              4867.383811393537,
              4320.463012374777
            ]
          ]
        ]
      },
      "properties": {
        "id": "004",
        "lote": "004",
        "estatus": "disponible",
        "paquete": null,
        "seccion": "ORO",
        "manzana": "A",
        "manzanaId": "A"
      }
    },
    {
      "type": "Feature",
      "geometry": {
        "type": "Polygon",
        "coordinates": [
          [
            [
              4658.311948473906,
              4378.6519815640895
            ],
            [
              4704.59791286548,
              4370.490517213744
            ],
            [
              4707.202635530483,
              4385.262633508927
            ],
            [
              4660.91667113891,
              4393.4240978592725
            ],
            [
              4658.311948473906,
              4378.6519815640895
            ]
          ]
        ]
      },
      "properties": {
        "id": "043",
        "lote": "043",
        "estatus": "disponible",
        "paquete": null,
        "seccion": "ORO",
        "manzana": "A",
        "manzanaId": "A"
      }
    },
    {
      "type": "Feature",
      "geometry": {
        "type": "Polygon",
        "coordinates": [
          [
            [
              4711.491567136565,
              4369.274979970075
            ],
            [
              4757.777531528139,
              4361.11351561973
            ],
            [
              4760.382254193143,
              4375.885631914913
            ],
            [
              4714.09628980157,
              4384.047096265258
            ],
            [
              4711.491567136565,
              4369.274979970075
            ]
          ]
        ]
      },
      "properties": {
        "id": "033",
        "lote": "033",
        "estatus": "disponible",
        "paquete": null,
        "seccion": "ORO",
        "manzana": "A",
        "manzanaId": "A"
      }
    },
    {
      "type": "Feature",
      "geometry": {
        "type": "Polygon",
        "coordinates": [
          [
            [
              4764.671185799224,
              4359.8979783760615
            ],
            [
              4810.9571501907985,
              4351.736514025715
            ],
            [
              4813.561872855802,
              4366.508630320898
            ],
            [
              4767.275908464228,
              4374.670094671244
            ],
            [
              4764.671185799224,
              4359.8979783760615
            ]
          ]
        ]
      },
      "properties": {
        "id": "023",
        "lote": "023",
        "estatus": "disponible",
        "paquete": null,
        "seccion": "ORO",
        "manzana": "A",
        "manzanaId": "A"
      }
    },
    {
      "type": "Feature",
      "geometry": {
        "type": "Polygon",
        "coordinates": [
          [
            [
              4817.850804461884,
              4350.520976782047
            ],
            [
              4864.136768853457,
              4342.359512431701
            ],
            [
              4866.741491518462,
              4357.131628726885
            ],
            [
              4820.455527126887,
              4365.29309307723
            ],
            [
              4817.850804461884,
              4350.520976782047
            ]
          ]
        ]
      },
      "properties": {
        "id": "013",
        "lote": "013",
        "estatus": "disponible",
        "paquete": null,
        "seccion": "ORO",
        "manzana": "A",
        "manzanaId": "A"
      }
    },
    {
      "type": "Feature",
      "geometry": {
        "type": "Polygon",
        "coordinates": [
          [
            [
              4871.030423124543,
              4341.1439751880325
            ],
            [
              4917.316387516117,
              4332.982510837687
            ],
            [
              4919.921110181121,
              4347.75462713287
            ],
            [
              4873.635145789547,
              4355.9160914832155
            ],
            [
              4871.030423124543,
              4341.1439751880325
            ]
          ]
        ]
      },
      "properties": {
        "id": "003",
        "lote": "003",
        "estatus": "disponible",
        "paquete": null,
        "seccion": "ORO",
        "manzana": "A",
        "manzanaId": "A"
      }
    },
    {
      "type": "Feature",
      "geometry": {
        "type": "Polygon",
        "coordinates": [
          [
            [
              4661.958560204912,
              4399.3329443773455
            ],
            [
              4708.2445245964855,
              4391.171480027
            ],
            [
              4710.849247261489,
              4405.943596322183
            ],
            [
              4664.563282869915,
              4414.105060672529
            ],
            [
              4661.958560204912,
              4399.3329443773455
            ]
          ]
        ]
      },
      "properties": {
        "id": "042",
        "lote": "042",
        "estatus": "disponible",
        "paquete": null,
        "seccion": "ORO",
        "manzana": "A",
        "manzanaId": "A"
      }
    },
    {
      "type": "Feature",
      "geometry": {
        "type": "Polygon",
        "coordinates": [
          [
            [
              4715.138178867571,
              4389.955942783332
            ],
            [
              4761.424143259144,
              4381.794478432986
            ],
            [
              4764.028865924149,
              4396.566594728169
            ],
            [
              4717.742901532575,
              4404.728059078515
            ],
            [
              4715.138178867571,
              4389.955942783332
            ]
          ]
        ]
      },
      "properties": {
        "id": "032",
        "lote": "032",
        "estatus": "disponible",
        "paquete": null,
        "seccion": "ORO",
        "manzana": "A",
        "manzanaId": "A"
      }
    },
    {
      "type": "Feature",
      "geometry": {
        "type": "Polygon",
        "coordinates": [
          [
            [
              4768.31779753023,
              4380.578941189317
            ],
            [
              4814.603761921804,
              4372.417476838972
            ],
            [
              4817.208484586808,
              4387.189593134155
            ],
            [
              4770.922520195234,
              4395.3510574845
            ],
            [
              4768.31779753023,
              4380.578941189317
            ]
          ]
        ]
      },
      "properties": {
        "id": "022",
        "lote": "022",
        "estatus": "disponible",
        "paquete": null,
        "seccion": "ORO",
        "manzana": "A",
        "manzanaId": "A"
      }
    },
    {
      "type": "Feature",
      "geometry": {
        "type": "Polygon",
        "coordinates": [
          [
            [
              4821.497416192889,
              4371.201939595303
            ],
            [
              4867.783380584463,
              4363.040475244958
            ],
            [
              4870.388103249467,
              4377.812591540141
            ],
            [
              4824.102138857893,
              4385.974055890486
            ],
            [
              4821.497416192889,
              4371.201939595303
            ]
          ]
        ]
      },
      "properties": {
        "id": "012",
        "lote": "012",
        "estatus": "disponible",
        "paquete": null,
        "seccion": "ORO",
        "manzana": "A",
        "manzanaId": "A"
      }
    },
    {
      "type": "Feature",
      "geometry": {
        "type": "Polygon",
        "coordinates": [
          [
            [
              4874.677034855548,
              4361.824938001289
            ],
            [
              4920.962999247122,
              4353.663473650943
            ],
            [
              4923.567721912126,
              4368.435589946126
            ],
            [
              4877.281757520553,
              4376.597054296472
            ],
            [
              4874.677034855548,
              4361.824938001289
            ]
          ]
        ]
      },
      "properties": {
        "id": "002",
        "lote": "002",
        "estatus": "disponible",
        "paquete": null,
        "seccion": "ORO",
        "manzana": "A",
        "manzanaId": "A"
      }
    },
    {
      "type": "Feature",
      "geometry": {
        "type": "Polygon",
        "coordinates": [
          [
            [
              4665.6051719359175,
              4420.013907190602
            ],
            [
              4711.891136327491,
              4411.852442840256
            ],
            [
              4714.4958589924945,
              4426.62455913544
            ],
            [
              4668.209894600921,
              4434.786023485785
            ],
            [
              4665.6051719359175,
              4420.013907190602
            ]
          ]
        ]
      },
      "properties": {
        "id": "041",
        "lote": "041",
        "estatus": "disponible",
        "paquete": null,
        "seccion": "ORO",
        "manzana": "A",
        "manzanaId": "A"
      }
    },
    {
      "type": "Feature",
      "geometry": {
        "type": "Polygon",
        "coordinates": [
          [
            [
              4718.784790598576,
              4410.636905596588
            ],
            [
              4765.07075499015,
              4402.475441246243
            ],
            [
              4767.675477655154,
              4417.2475575414255
            ],
            [
              4721.389513263581,
              4425.409021891771
            ],
            [
              4718.784790598576,
              4410.636905596588
            ]
          ]
        ]
      },
      "properties": {
        "id": "031",
        "lote": "031",
        "estatus": "disponible",
        "paquete": null,
        "seccion": "ORO",
        "manzana": "A",
        "manzanaId": "A"
      }
    },
    {
      "type": "Feature",
      "geometry": {
        "type": "Polygon",
        "coordinates": [
          [
            [
              4771.964409261235,
              4401.259904002573
            ],
            [
              4818.25037365281,
              4393.098439652228
            ],
            [
              4820.855096317813,
              4407.870555947411
            ],
            [
              4774.56913192624,
              4416.032020297757
            ],
            [
              4771.964409261235,
              4401.259904002573
            ]
          ]
        ]
      },
      "properties": {
        "id": "021",
        "lote": "021",
        "estatus": "disponible",
        "paquete": null,
        "seccion": "ORO",
        "manzana": "A",
        "manzanaId": "A"
      }
    },
    {
      "type": "Feature",
      "geometry": {
        "type": "Polygon",
        "coordinates": [
          [
            [
              4825.144027923895,
              4391.88290240856
            ],
            [
              4871.429992315469,
              4383.721438058214
            ],
            [
              4874.034714980473,
              4398.493554353397
            ],
            [
              4827.7487505888985,
              4406.655018703743
            ],
            [
              4825.144027923895,
              4391.88290240856
            ]
          ]
        ]
      },
      "properties": {
        "id": "011",
        "lote": "011",
        "estatus": "disponible",
        "paquete": null,
        "seccion": "ORO",
        "manzana": "A",
        "manzanaId": "A"
      }
    },
    {
      "type": "Feature",
      "geometry": {
        "type": "Polygon",
        "coordinates": [
          [
            [
              4878.323646586554,
              4382.505900814545
            ],
            [
              4924.609610978128,
              4374.3444364642
            ],
            [
              4927.214333643132,
              4389.116552759383
            ],
            [
              4880.928369251558,
              4397.278017109728
            ],
            [
              4878.323646586554,
              4382.505900814545
            ]
          ]
        ]
      },
      "properties": {
        "id": "001",
        "lote": "001",
        "estatus": "disponible",
        "paquete": null,
        "seccion": "ORO",
        "manzana": "A",
        "manzanaId": "A"
      }
    },
    {
      "type": "Feature",
      "geometry": {
        "type": "Polygon",
        "coordinates": [
          [
            [
              4673.785666356867,
              4465.885241871295
            ],
            [
              4720.071630748441,
              4457.72377752095
            ],
            [
              4722.676353413445,
              4472.495893816133
            ],
            [
              4676.390389021872,
              4480.657358166478
            ],
            [
              4673.785666356867,
              4465.885241871295
            ]
          ]
        ]
      },
      "properties": {
        "id": "100",
        "lote": "100",
        "estatus": "disponible",
        "paquete": null,
        "seccion": "ORO",
        "manzana": "B",
        "manzanaId": "B"
      }
    },
    {
      "type": "Feature",
      "geometry": {
        "type": "Polygon",
        "coordinates": [
          [
            [
              4726.965285019526,
              4456.5082402772805
            ],
            [
              4773.251249411101,
              4448.346775926935
            ],
            [
              4775.855972076104,
              4463.118892222118
            ],
            [
              4729.5700076845305,
              4471.2803565724635
            ],
            [
              4726.965285019526,
              4456.5082402772805
            ]
          ]
        ]
      },
      "properties": {
        "id": "090",
        "lote": "090",
        "estatus": "disponible",
        "paquete": null,
        "seccion": "ORO",
        "manzana": "B",
        "manzanaId": "B"
      }
    },
    {
      "type": "Feature",
      "geometry": {
        "type": "Polygon",
        "coordinates": [
          [
            [
              4780.144903682186,
              4447.131238683267
            ],
            [
              4826.4308680737595,
              4438.969774332921
            ],
            [
              4829.035590738764,
              4453.741890628104
            ],
            [
              4782.749626347189,
              4461.90335497845
            ],
            [
              4780.144903682186,
              4447.131238683267
            ]
          ]
        ]
      },
      "properties": {
        "id": "080",
        "lote": "080",
        "estatus": "disponible",
        "paquete": null,
        "seccion": "ORO",
        "manzana": "B",
        "manzanaId": "B"
      }
    },
    {
      "type": "Feature",
      "geometry": {
        "type": "Polygon",
        "coordinates": [
          [
            [
              4833.324522344845,
              4437.7542370892525
            ],
            [
              4879.610486736418,
              4429.592772738906
            ],
            [
              4882.215209401423,
              4444.36488903409
            ],
            [
              4835.929245009849,
              4452.526353384435
            ],
            [
              4833.324522344845,
              4437.7542370892525
            ]
          ]
        ]
      },
      "properties": {
        "id": "070",
        "lote": "070",
        "estatus": "disponible",
        "paquete": null,
        "seccion": "ORO",
        "manzana": "B",
        "manzanaId": "B"
      }
    },
    {
      "type": "Feature",
      "geometry": {
        "type": "Polygon",
        "coordinates": [
          [
            [
              4886.504141007505,
              4428.377235495238
            ],
            [
              4932.790105399078,
              4420.215771144893
            ],
            [
              4935.394828064082,
              4434.987887440076
            ],
            [
              4889.108863672508,
              4443.149351790421
            ],
            [
              4886.504141007505,
              4428.377235495238
            ]
          ]
        ]
      },
      "properties": {
        "id": "060",
        "lote": "060",
        "estatus": "disponible",
        "paquete": null,
        "seccion": "ORO",
        "manzana": "B",
        "manzanaId": "B"
      }
    },
    {
      "type": "Feature",
      "geometry": {
        "type": "Polygon",
        "coordinates": [
          [
            [
              4677.432278087873,
              4486.566204684551
            ],
            [
              4723.718242479446,
              4478.404740334206
            ],
            [
              4726.322965144451,
              4493.176856629389
            ],
            [
              4680.037000752876,
              4501.338320979735
            ],
            [
              4677.432278087873,
              4486.566204684551
            ]
          ]
        ]
      },
      "properties": {
        "id": "099",
        "lote": "099",
        "estatus": "disponible",
        "paquete": null,
        "seccion": "ORO",
        "manzana": "B",
        "manzanaId": "B"
      }
    },
    {
      "type": "Feature",
      "geometry": {
        "type": "Polygon",
        "coordinates": [
          [
            [
              4730.611896750532,
              4477.189203090537
            ],
            [
              4776.897861142106,
              4469.027738740191
            ],
            [
              4779.50258380711,
              4483.799855035374
            ],
            [
              4733.216619415536,
              4491.96131938572
            ],
            [
              4730.611896750532,
              4477.189203090537
            ]
          ]
        ]
      },
      "properties": {
        "id": "089",
        "lote": "089",
        "estatus": "disponible",
        "paquete": null,
        "seccion": "ORO",
        "manzana": "B",
        "manzanaId": "B"
      }
    },
    {
      "type": "Feature",
      "geometry": {
        "type": "Polygon",
        "coordinates": [
          [
            [
              4783.7915154131915,
              4467.812201496523
            ],
            [
              4830.077479804765,
              4459.650737146178
            ],
            [
              4832.682202469769,
              4474.4228534413605
            ],
            [
              4786.396238078195,
              4482.584317791706
            ],
            [
              4783.7915154131915,
              4467.812201496523
            ]
          ]
        ]
      },
      "properties": {
        "id": "079",
        "lote": "079",
        "estatus": "disponible",
        "paquete": null,
        "seccion": "ORO",
        "manzana": "B",
        "manzanaId": "B"
      }
    },
    {
      "type": "Feature",
      "geometry": {
        "type": "Polygon",
        "coordinates": [
          [
            [
              4836.97113407585,
              4458.435199902508
            ],
            [
              4883.257098467424,
              4450.273735552163
            ],
            [
              4885.861821132428,
              4465.045851847346
            ],
            [
              4839.575856740855,
              4473.207316197691
            ],
            [
              4836.97113407585,
              4458.435199902508
            ]
          ]
        ]
      },
      "properties": {
        "id": "069",
        "lote": "069",
        "estatus": "disponible",
        "paquete": null,
        "seccion": "ORO",
        "manzana": "B",
        "manzanaId": "B"
      }
    },
    {
      "type": "Feature",
      "geometry": {
        "type": "Polygon",
        "coordinates": [
          [
            [
              4890.15075273851,
              4449.058198308494
            ],
            [
              4936.436717130084,
              4440.896733958149
            ],
            [
              4939.041439795087,
              4455.668850253332
            ],
            [
              4892.755475403514,
              4463.830314603678
            ],
            [
              4890.15075273851,
              4449.058198308494
            ]
          ]
        ]
      },
      "properties": {
        "id": "059",
        "lote": "059",
        "estatus": "disponible",
        "paquete": null,
        "seccion": "ORO",
        "manzana": "B",
        "manzanaId": "B"
      }
    },
    {
      "type": "Feature",
      "geometry": {
        "type": "Polygon",
        "coordinates": [
          [
            [
              4681.078889818878,
              4507.247167497808
            ],
            [
              4727.364854210452,
              4499.085703147462
            ],
            [
              4729.969576875456,
              4513.857819442645
            ],
            [
              4683.683612483882,
              4522.019283792991
            ],
            [
              4681.078889818878,
              4507.247167497808
            ]
          ]
        ]
      },
      "properties": {
        "id": "098",
        "lote": "098",
        "estatus": "disponible",
        "paquete": null,
        "seccion": "ORO",
        "manzana": "B",
        "manzanaId": "B"
      }
    },
    {
      "type": "Feature",
      "geometry": {
        "type": "Polygon",
        "coordinates": [
          [
            [
              4734.258508481537,
              4497.870165903793
            ],
            [
              4780.544472873112,
              4489.708701553448
            ],
            [
              4783.149195538115,
              4504.480817848631
            ],
            [
              4736.863231146542,
              4512.642282198976
            ],
            [
              4734.258508481537,
              4497.870165903793
            ]
          ]
        ]
      },
      "properties": {
        "id": "088",
        "lote": "088",
        "estatus": "disponible",
        "paquete": null,
        "seccion": "ORO",
        "manzana": "B",
        "manzanaId": "B"
      }
    },
    {
      "type": "Feature",
      "geometry": {
        "type": "Polygon",
        "coordinates": [
          [
            [
              4787.438127144197,
              4488.493164309779
            ],
            [
              4833.724091535771,
              4480.3316999594335
            ],
            [
              4836.328814200775,
              4495.1038162546165
            ],
            [
              4790.042849809201,
              4503.265280604963
            ],
            [
              4787.438127144197,
              4488.493164309779
            ]
          ]
        ]
      },
      "properties": {
        "id": "078",
        "lote": "078",
        "estatus": "disponible",
        "paquete": null,
        "seccion": "ORO",
        "manzana": "B",
        "manzanaId": "B"
      }
    },
    {
      "type": "Feature",
      "geometry": {
        "type": "Polygon",
        "coordinates": [
          [
            [
              4840.617745806856,
              4479.116162715765
            ],
            [
              4886.9037101984295,
              4470.954698365419
            ],
            [
              4889.508432863434,
              4485.726814660602
            ],
            [
              4843.22246847186,
              4493.888279010948
            ],
            [
              4840.617745806856,
              4479.116162715765
            ]
          ]
        ]
      },
      "properties": {
        "id": "068",
        "lote": "068",
        "estatus": "disponible",
        "paquete": null,
        "seccion": "ORO",
        "manzana": "B",
        "manzanaId": "B"
      }
    },
    {
      "type": "Feature",
      "geometry": {
        "type": "Polygon",
        "coordinates": [
          [
            [
              4893.797364469516,
              4469.739161121751
            ],
            [
              4940.083328861089,
              4461.577696771405
            ],
            [
              4942.688051526093,
              4476.3498130665885
            ],
            [
              4896.402087134519,
              4484.511277416934
            ],
            [
              4893.797364469516,
              4469.739161121751
            ]
          ]
        ]
      },
      "properties": {
        "id": "058",
        "lote": "058",
        "estatus": "disponible",
        "paquete": null,
        "seccion": "ORO",
        "manzana": "B",
        "manzanaId": "B"
      }
    },
    {
      "type": "Feature",
      "geometry": {
        "type": "Polygon",
        "coordinates": [
          [
            [
              4684.725501549884,
              4527.928130311064
            ],
            [
              4731.011465941458,
              4519.7666659607185
            ],
            [
              4733.616188606462,
              4534.538782255901
            ],
            [
              4687.3302242148875,
              4542.700246606247
            ],
            [
              4684.725501549884,
              4527.928130311064
            ]
          ]
        ]
      },
      "properties": {
        "id": "097",
        "lote": "097",
        "estatus": "disponible",
        "paquete": null,
        "seccion": "ORO",
        "manzana": "B",
        "manzanaId": "B"
      }
    },
    {
      "type": "Feature",
      "geometry": {
        "type": "Polygon",
        "coordinates": [
          [
            [
              4737.905120212543,
              4518.55112871705
            ],
            [
              4784.191084604117,
              4510.389664366704
            ],
            [
              4786.795807269121,
              4525.161780661887
            ],
            [
              4740.509842877547,
              4533.323245012233
            ],
            [
              4737.905120212543,
              4518.55112871705
            ]
          ]
        ]
      },
      "properties": {
        "id": "087",
        "lote": "087",
        "estatus": "disponible",
        "paquete": null,
        "seccion": "ORO",
        "manzana": "B",
        "manzanaId": "B"
      }
    },
    {
      "type": "Feature",
      "geometry": {
        "type": "Polygon",
        "coordinates": [
          [
            [
              4791.084738875203,
              4509.174127123036
            ],
            [
              4837.370703266776,
              4501.0126627726895
            ],
            [
              4839.97542593178,
              4515.784779067873
            ],
            [
              4793.689461540206,
              4523.946243418219
            ],
            [
              4791.084738875203,
              4509.174127123036
            ]
          ]
        ]
      },
      "properties": {
        "id": "077",
        "lote": "077",
        "estatus": "disponible",
        "paquete": null,
        "seccion": "ORO",
        "manzana": "B",
        "manzanaId": "B"
      }
    },
    {
      "type": "Feature",
      "geometry": {
        "type": "Polygon",
        "coordinates": [
          [
            [
              4844.2643575378615,
              4499.797125529021
            ],
            [
              4890.550321929435,
              4491.635661178676
            ],
            [
              4893.1550445944395,
              4506.407777473859
            ],
            [
              4846.869080202866,
              4514.569241824204
            ],
            [
              4844.2643575378615,
              4499.797125529021
            ]
          ]
        ]
      },
      "properties": {
        "id": "067",
        "lote": "067",
        "estatus": "disponible",
        "paquete": null,
        "seccion": "ORO",
        "manzana": "B",
        "manzanaId": "B"
      }
    },
    {
      "type": "Feature",
      "geometry": {
        "type": "Polygon",
        "coordinates": [
          [
            [
              4897.44397620052,
              4490.420123935007
            ],
            [
              4943.729940592095,
              4482.2586595846615
            ],
            [
              4946.334663257098,
              4497.030775879844
            ],
            [
              4900.048698865525,
              4505.19224023019
            ],
            [
              4897.44397620052,
              4490.420123935007
            ]
          ]
        ]
      },
      "properties": {
        "id": "057",
        "lote": "057",
        "estatus": "disponible",
        "paquete": null,
        "seccion": "ORO",
        "manzana": "B",
        "manzanaId": "B"
      }
    },
    {
      "type": "Feature",
      "geometry": {
        "type": "Polygon",
        "coordinates": [
          [
            [
              4688.37211328089,
              4548.609093124321
            ],
            [
              4734.658077672463,
              4540.447628773974
            ],
            [
              4737.2628003374675,
              4555.219745069157
            ],
            [
              4690.976835945893,
              4563.381209419504
            ],
            [
              4688.37211328089,
              4548.609093124321
            ]
          ]
        ]
      },
      "properties": {
        "id": "096",
        "lote": "096",
        "estatus": "disponible",
        "paquete": null,
        "seccion": "ORO",
        "manzana": "B",
        "manzanaId": "B"
      }
    },
    {
      "type": "Feature",
      "geometry": {
        "type": "Polygon",
        "coordinates": [
          [
            [
              4741.5517319435485,
              4539.232091530306
            ],
            [
              4787.837696335122,
              4531.070627179961
            ],
            [
              4790.442419000126,
              4545.842743475144
            ],
            [
              4744.156454608553,
              4554.004207825489
            ],
            [
              4741.5517319435485,
              4539.232091530306
            ]
          ]
        ]
      },
      "properties": {
        "id": "086",
        "lote": "086",
        "estatus": "disponible",
        "paquete": null,
        "seccion": "ORO",
        "manzana": "B",
        "manzanaId": "B"
      }
    },
    {
      "type": "Feature",
      "geometry": {
        "type": "Polygon",
        "coordinates": [
          [
            [
              4794.731350606208,
              4529.855089936292
            ],
            [
              4841.017314997782,
              4521.693625585946
            ],
            [
              4843.622037662785,
              4536.465741881129
            ],
            [
              4797.336073271212,
              4544.627206231475
            ],
            [
              4794.731350606208,
              4529.855089936292
            ]
          ]
        ]
      },
      "properties": {
        "id": "076",
        "lote": "076",
        "estatus": "disponible",
        "paquete": null,
        "seccion": "ORO",
        "manzana": "B",
        "manzanaId": "B"
      }
    },
    {
      "type": "Feature",
      "geometry": {
        "type": "Polygon",
        "coordinates": [
          [
            [
              4847.910969268867,
              4520.478088342278
            ],
            [
              4894.196933660441,
              4512.316623991932
            ],
            [
              4896.801656325445,
              4527.088740287115
            ],
            [
              4850.5156919338715,
              4535.250204637461
            ],
            [
              4847.910969268867,
              4520.478088342278
            ]
          ]
        ]
      },
      "properties": {
        "id": "066",
        "lote": "066",
        "estatus": "disponible",
        "paquete": null,
        "seccion": "ORO",
        "manzana": "B",
        "manzanaId": "B"
      }
    },
    {
      "type": "Feature",
      "geometry": {
        "type": "Polygon",
        "coordinates": [
          [
            [
              4901.090587931526,
              4511.101086748264
            ],
            [
              4947.3765523231,
              4502.939622397917
            ],
            [
              4949.981274988104,
              4517.711738693101
            ],
            [
              4903.69531059653,
              4525.873203043447
            ],
            [
              4901.090587931526,
              4511.101086748264
            ]
          ]
        ]
      },
      "properties": {
        "id": "056",
        "lote": "056",
        "estatus": "disponible",
        "paquete": null,
        "seccion": "ORO",
        "manzana": "B",
        "manzanaId": "B"
      }
    },
    {
      "type": "Feature",
      "geometry": {
        "type": "Polygon",
        "coordinates": [
          [
            [
              4692.018725011895,
              4569.290055937577
            ],
            [
              4738.304689403469,
              4561.128591587231
            ],
            [
              4740.909412068473,
              4575.900707882414
            ],
            [
              4694.623447676899,
              4584.06217223276
            ],
            [
              4692.018725011895,
              4569.290055937577
            ]
          ]
        ]
      },
      "properties": {
        "id": "095",
        "lote": "095",
        "estatus": "disponible",
        "paquete": null,
        "seccion": "ORO",
        "manzana": "B",
        "manzanaId": "B"
      }
    },
    {
      "type": "Feature",
      "geometry": {
        "type": "Polygon",
        "coordinates": [
          [
            [
              4745.198343674554,
              4559.913054343562
            ],
            [
              4791.484308066128,
              4551.751589993217
            ],
            [
              4794.089030731132,
              4566.5237062884
            ],
            [
              4747.803066339558,
              4574.685170638746
            ],
            [
              4745.198343674554,
              4559.913054343562
            ]
          ]
        ]
      },
      "properties": {
        "id": "085",
        "lote": "085",
        "estatus": "disponible",
        "paquete": null,
        "seccion": "ORO",
        "manzana": "B",
        "manzanaId": "B"
      }
    },
    {
      "type": "Feature",
      "geometry": {
        "type": "Polygon",
        "coordinates": [
          [
            [
              4798.377962337214,
              4550.536052749549
            ],
            [
              4844.663926728787,
              4542.374588399202
            ],
            [
              4847.268649393791,
              4557.146704694385
            ],
            [
              4800.982685002217,
              4565.308169044732
            ],
            [
              4798.377962337214,
              4550.536052749549
            ]
          ]
        ]
      },
      "properties": {
        "id": "075",
        "lote": "075",
        "estatus": "disponible",
        "paquete": null,
        "seccion": "ORO",
        "manzana": "B",
        "manzanaId": "B"
      }
    },
    {
      "type": "Feature",
      "geometry": {
        "type": "Polygon",
        "coordinates": [
          [
            [
              4851.557580999873,
              4541.159051155534
            ],
            [
              4897.843545391446,
              4532.997586805189
            ],
            [
              4900.448268056451,
              4547.769703100372
            ],
            [
              4854.162303664877,
              4555.931167450717
            ],
            [
              4851.557580999873,
              4541.159051155534
            ]
          ]
        ]
      },
      "properties": {
        "id": "065",
        "lote": "065",
        "estatus": "disponible",
        "paquete": null,
        "seccion": "ORO",
        "manzana": "B",
        "manzanaId": "B"
      }
    },
    {
      "type": "Feature",
      "geometry": {
        "type": "Polygon",
        "coordinates": [
          [
            [
              4904.737199662532,
              4531.78204956152
            ],
            [
              4951.023164054106,
              4523.620585211174
            ],
            [
              4953.6278867191095,
              4538.392701506357
            ],
            [
              4907.341922327536,
              4546.554165856703
            ],
            [
              4904.737199662532,
              4531.78204956152
            ]
          ]
        ]
      },
      "properties": {
        "id": "055",
        "lote": "055",
        "estatus": "disponible",
        "paquete": null,
        "seccion": "ORO",
        "manzana": "B",
        "manzanaId": "B"
      }
    },
    {
      "type": "Feature",
      "geometry": {
        "type": "Polygon",
        "coordinates": [
          [
            [
              4695.665336742901,
              4589.9710187508335
            ],
            [
              4741.951301134474,
              4581.809554400487
            ],
            [
              4744.556023799479,
              4596.58167069567
            ],
            [
              4698.270059407904,
              4604.7431350460165
            ],
            [
              4695.665336742901,
              4589.9710187508335
            ]
          ]
        ]
      },
      "properties": {
        "id": "094",
        "lote": "094",
        "estatus": "disponible",
        "paquete": null,
        "seccion": "ORO",
        "manzana": "B",
        "manzanaId": "B"
      }
    },
    {
      "type": "Feature",
      "geometry": {
        "type": "Polygon",
        "coordinates": [
          [
            [
              4748.84495540556,
              4580.594017156819
            ],
            [
              4795.130919797133,
              4572.432552806473
            ],
            [
              4797.735642462138,
              4587.204669101657
            ],
            [
              4751.449678070564,
              4595.366133452002
            ],
            [
              4748.84495540556,
              4580.594017156819
            ]
          ]
        ]
      },
      "properties": {
        "id": "084",
        "lote": "084",
        "estatus": "disponible",
        "paquete": null,
        "seccion": "ORO",
        "manzana": "B",
        "manzanaId": "B"
      }
    },
    {
      "type": "Feature",
      "geometry": {
        "type": "Polygon",
        "coordinates": [
          [
            [
              4802.024574068219,
              4571.217015562805
            ],
            [
              4848.310538459793,
              4563.055551212459
            ],
            [
              4850.915261124796,
              4577.827667507642
            ],
            [
              4804.629296733223,
              4585.989131857988
            ],
            [
              4802.024574068219,
              4571.217015562805
            ]
          ]
        ]
      },
      "properties": {
        "id": "074",
        "lote": "074",
        "estatus": "disponible",
        "paquete": null,
        "seccion": "ORO",
        "manzana": "B",
        "manzanaId": "B"
      }
    },
    {
      "type": "Feature",
      "geometry": {
        "type": "Polygon",
        "coordinates": [
          [
            [
              4855.204192730878,
              4561.84001396879
            ],
            [
              4901.490157122452,
              4553.678549618445
            ],
            [
              4904.094879787456,
              4568.450665913628
            ],
            [
              4857.808915395883,
              4576.612130263974
            ],
            [
              4855.204192730878,
              4561.84001396879
            ]
          ]
        ]
      },
      "properties": {
        "id": "064",
        "lote": "064",
        "estatus": "disponible",
        "paquete": null,
        "seccion": "ORO",
        "manzana": "B",
        "manzanaId": "B"
      }
    },
    {
      "type": "Feature",
      "geometry": {
        "type": "Polygon",
        "coordinates": [
          [
            [
              4908.383811393537,
              4552.463012374777
            ],
            [
              4954.669775785112,
              4544.30154802443
            ],
            [
              4957.274498450115,
              4559.073664319613
            ],
            [
              4910.9885340585415,
              4567.2351286699595
            ],
            [
              4908.383811393537,
              4552.463012374777
            ]
          ]
        ]
      },
      "properties": {
        "id": "054",
        "lote": "054",
        "estatus": "disponible",
        "paquete": null,
        "seccion": "ORO",
        "manzana": "B",
        "manzanaId": "B"
      }
    },
    {
      "type": "Feature",
      "geometry": {
        "type": "Polygon",
        "coordinates": [
          [
            [
              4699.311948473906,
              4610.6519815640895
            ],
            [
              4745.59791286548,
              4602.490517213744
            ],
            [
              4748.202635530483,
              4617.262633508927
            ],
            [
              4701.91667113891,
              4625.4240978592725
            ],
            [
              4699.311948473906,
              4610.6519815640895
            ]
          ]
        ]
      },
      "properties": {
        "id": "093",
        "lote": "093",
        "estatus": "disponible",
        "paquete": null,
        "seccion": "ORO",
        "manzana": "B",
        "manzanaId": "B"
      }
    },
    {
      "type": "Feature",
      "geometry": {
        "type": "Polygon",
        "coordinates": [
          [
            [
              4752.491567136565,
              4601.274979970075
            ],
            [
              4798.777531528139,
              4593.11351561973
            ],
            [
              4801.382254193143,
              4607.885631914913
            ],
            [
              4755.09628980157,
              4616.047096265258
            ],
            [
              4752.491567136565,
              4601.274979970075
            ]
          ]
        ]
      },
      "properties": {
        "id": "083",
        "lote": "083",
        "estatus": "disponible",
        "paquete": null,
        "seccion": "ORO",
        "manzana": "B",
        "manzanaId": "B"
      }
    },
    {
      "type": "Feature",
      "geometry": {
        "type": "Polygon",
        "coordinates": [
          [
            [
              4805.671185799224,
              4591.8979783760615
            ],
            [
              4851.9571501907985,
              4583.736514025715
            ],
            [
              4854.561872855802,
              4598.508630320898
            ],
            [
              4808.275908464228,
              4606.670094671244
            ],
            [
              4805.671185799224,
              4591.8979783760615
            ]
          ]
        ]
      },
      "properties": {
        "id": "073",
        "lote": "073",
        "estatus": "disponible",
        "paquete": null,
        "seccion": "ORO",
        "manzana": "B",
        "manzanaId": "B"
      }
    },
    {
      "type": "Feature",
      "geometry": {
        "type": "Polygon",
        "coordinates": [
          [
            [
              4858.850804461884,
              4582.520976782047
            ],
            [
              4905.136768853457,
              4574.359512431701
            ],
            [
              4907.741491518462,
              4589.131628726885
            ],
            [
              4861.455527126887,
              4597.29309307723
            ],
            [
              4858.850804461884,
              4582.520976782047
            ]
          ]
        ]
      },
      "properties": {
        "id": "063",
        "lote": "063",
        "estatus": "disponible",
        "paquete": null,
        "seccion": "ORO",
        "manzana": "B",
        "manzanaId": "B"
      }
    },
    {
      "type": "Feature",
      "geometry": {
        "type": "Polygon",
        "coordinates": [
          [
            [
              4912.030423124543,
              4573.1439751880325
            ],
            [
              4958.316387516117,
              4564.982510837687
            ],
            [
              4960.921110181121,
              4579.75462713287
            ],
            [
              4914.635145789547,
              4587.9160914832155
            ],
            [
              4912.030423124543,
              4573.1439751880325
            ]
          ]
        ]
      },
      "properties": {
        "id": "053",
        "lote": "053",
        "estatus": "disponible",
        "paquete": null,
        "seccion": "ORO",
        "manzana": "B",
        "manzanaId": "B"
      }
    },
    {
      "type": "Feature",
      "geometry": {
        "type": "Polygon",
        "coordinates": [
          [
            [
              4702.958560204912,
              4631.3329443773455
            ],
            [
              4749.2445245964855,
              4623.171480027
            ],
            [
              4751.849247261489,
              4637.943596322183
            ],
            [
              4705.563282869915,
              4646.105060672529
            ],
            [
              4702.958560204912,
              4631.3329443773455
            ]
          ]
        ]
      },
      "properties": {
        "id": "092",
        "lote": "092",
        "estatus": "disponible",
        "paquete": null,
        "seccion": "ORO",
        "manzana": "B",
        "manzanaId": "B"
      }
    },
    {
      "type": "Feature",
      "geometry": {
        "type": "Polygon",
        "coordinates": [
          [
            [
              4756.138178867571,
              4621.955942783332
            ],
            [
              4802.424143259144,
              4613.794478432986
            ],
            [
              4805.028865924149,
              4628.566594728169
            ],
            [
              4758.742901532575,
              4636.728059078515
            ],
            [
              4756.138178867571,
              4621.955942783332
            ]
          ]
        ]
      },
      "properties": {
        "id": "082",
        "lote": "082",
        "estatus": "disponible",
        "paquete": null,
        "seccion": "ORO",
        "manzana": "B",
        "manzanaId": "B"
      }
    },
    {
      "type": "Feature",
      "geometry": {
        "type": "Polygon",
        "coordinates": [
          [
            [
              4809.31779753023,
              4612.578941189317
            ],
            [
              4855.603761921804,
              4604.417476838972
            ],
            [
              4858.208484586808,
              4619.189593134155
            ],
            [
              4811.922520195234,
              4627.3510574845
            ],
            [
              4809.31779753023,
              4612.578941189317
            ]
          ]
        ]
      },
      "properties": {
        "id": "072",
        "lote": "072",
        "estatus": "disponible",
        "paquete": null,
        "seccion": "ORO",
        "manzana": "B",
        "manzanaId": "B"
      }
    },
    {
      "type": "Feature",
      "geometry": {
        "type": "Polygon",
        "coordinates": [
          [
            [
              4862.497416192889,
              4603.201939595303
            ],
            [
              4908.783380584463,
              4595.040475244958
            ],
            [
              4911.388103249467,
              4609.812591540141
            ],
            [
              4865.102138857893,
              4617.974055890486
            ],
            [
              4862.497416192889,
              4603.201939595303
            ]
          ]
        ]
      },
      "properties": {
        "id": "062",
        "lote": "062",
        "estatus": "disponible",
        "paquete": null,
        "seccion": "ORO",
        "manzana": "B",
        "manzanaId": "B"
      }
    },
    {
      "type": "Feature",
      "geometry": {
        "type": "Polygon",
        "coordinates": [
          [
            [
              4915.677034855548,
              4593.824938001289
            ],
            [
              4961.962999247122,
              4585.663473650943
            ],
            [
              4964.567721912126,
              4600.435589946126
            ],
            [
              4918.281757520553,
              4608.597054296472
            ],
            [
              4915.677034855548,
              4593.824938001289
            ]
          ]
        ]
      },
      "properties": {
        "id": "052",
        "lote": "052",
        "estatus": "disponible",
        "paquete": null,
        "seccion": "ORO",
        "manzana": "B",
        "manzanaId": "B"
      }
    },
    {
      "type": "Feature",
      "geometry": {
        "type": "Polygon",
        "coordinates": [
          [
            [
              4706.6051719359175,
              4652.013907190602
            ],
            [
              4752.891136327491,
              4643.852442840256
            ],
            [
              4755.4958589924945,
              4658.62455913544
            ],
            [
              4709.209894600921,
              4666.786023485785
            ],
            [
              4706.6051719359175,
              4652.013907190602
            ]
          ]
        ]
      },
      "properties": {
        "id": "091",
        "lote": "091",
        "estatus": "disponible",
        "paquete": null,
        "seccion": "ORO",
        "manzana": "B",
        "manzanaId": "B"
      }
    },
    {
      "type": "Feature",
      "geometry": {
        "type": "Polygon",
        "coordinates": [
          [
            [
              4759.784790598576,
              4642.636905596588
            ],
            [
              4806.07075499015,
              4634.475441246243
            ],
            [
              4808.675477655154,
              4649.2475575414255
            ],
            [
              4762.389513263581,
              4657.409021891771
            ],
            [
              4759.784790598576,
              4642.636905596588
            ]
          ]
        ]
      },
      "properties": {
        "id": "081",
        "lote": "081",
        "estatus": "disponible",
        "paquete": null,
        "seccion": "ORO",
        "manzana": "B",
        "manzanaId": "B"
      }
    },
    {
      "type": "Feature",
      "geometry": {
        "type": "Polygon",
        "coordinates": [
          [
            [
              4812.964409261235,
              4633.259904002573
            ],
            [
              4859.25037365281,
              4625.098439652228
            ],
            [
              4861.855096317813,
              4639.870555947411
            ],
            [
              4815.56913192624,
              4648.032020297757
            ],
            [
              4812.964409261235,
              4633.259904002573
            ]
          ]
        ]
      },
      "properties": {
        "id": "071",
        "lote": "071",
        "estatus": "disponible",
        "paquete": null,
        "seccion": "ORO",
        "manzana": "B",
        "manzanaId": "B"
      }
    },
    {
      "type": "Feature",
      "geometry": {
        "type": "Polygon",
        "coordinates": [
          [
            [
              4866.144027923895,
              4623.88290240856
            ],
            [
              4912.429992315469,
              4615.721438058214
            ],
            [
              4915.034714980473,
              4630.493554353397
            ],
            [
              4868.7487505888985,
              4638.655018703743
            ],
            [
              4866.144027923895,
              4623.88290240856
            ]
          ]
        ]
      },
      "properties": {
        "id": "061",
        "lote": "061",
        "estatus": "disponible",
        "paquete": null,
        "seccion": "ORO",
        "manzana": "B",
        "manzanaId": "B"
      }
    },
    {
      "type": "Feature",
      "geometry": {
        "type": "Polygon",
        "coordinates": [
          [
            [
              4919.323646586554,
              4614.505900814545
            ],
            [
              4965.609610978128,
              4606.3444364642
            ],
            [
              4968.214333643132,
              4621.116552759383
            ],
            [
              4921.928369251558,
              4629.278017109728
            ],
            [
              4919.323646586554,
              4614.505900814545
            ]
          ]
        ]
      },
      "properties": {
        "id": "051",
        "lote": "051",
        "estatus": "disponible",
        "paquete": null,
        "seccion": "ORO",
        "manzana": "B",
        "manzanaId": "B"
      }
    },
    {
      "type": "Feature",
      "geometry": {
        "type": "Polygon",
        "coordinates": [
          [
            [
              4713.785666356867,
              4696.882549925278
            ],
            [
              4760.071630748441,
              4688.721085574933
            ],
            [
              4762.676353413445,
              4703.493201870116
            ],
            [
              4716.390389021872,
              4711.654666220461
            ],
            [
              4713.785666356867,
              4696.882549925278
            ]
          ]
        ]
      },
      "properties": {
        "id": "150",
        "lote": "150",
        "estatus": "disponible",
        "paquete": null,
        "seccion": "ORO",
        "manzana": "C",
        "manzanaId": "C"
      }
    },
    {
      "type": "Feature",
      "geometry": {
        "type": "Polygon",
        "coordinates": [
          [
            [
              4766.965285019526,
              4687.5055483312635
            ],
            [
              4813.251249411101,
              4679.344083980918
            ],
            [
              4815.855972076104,
              4694.116200276101
            ],
            [
              4769.5700076845305,
              4702.2776646264465
            ],
            [
              4766.965285019526,
              4687.5055483312635
            ]
          ]
        ]
      },
      "properties": {
        "id": "140",
        "lote": "140",
        "estatus": "disponible",
        "paquete": null,
        "seccion": "ORO",
        "manzana": "C",
        "manzanaId": "C"
      }
    },
    {
      "type": "Feature",
      "geometry": {
        "type": "Polygon",
        "coordinates": [
          [
            [
              4820.144903682186,
              4678.12854673725
            ],
            [
              4866.4308680737595,
              4669.967082386904
            ],
            [
              4869.035590738764,
              4684.739198682087
            ],
            [
              4822.749626347189,
              4692.900663032433
            ],
            [
              4820.144903682186,
              4678.12854673725
            ]
          ]
        ]
      },
      "properties": {
        "id": "130",
        "lote": "130",
        "estatus": "disponible",
        "paquete": null,
        "seccion": "ORO",
        "manzana": "C",
        "manzanaId": "C"
      }
    },
    {
      "type": "Feature",
      "geometry": {
        "type": "Polygon",
        "coordinates": [
          [
            [
              4873.324522344845,
              4668.7515451432355
            ],
            [
              4919.610486736418,
              4660.590080792889
            ],
            [
              4922.215209401423,
              4675.362197088073
            ],
            [
              4875.929245009849,
              4683.5236614384185
            ],
            [
              4873.324522344845,
              4668.7515451432355
            ]
          ]
        ]
      },
      "properties": {
        "id": "120",
        "lote": "120",
        "estatus": "disponible",
        "paquete": null,
        "seccion": "ORO",
        "manzana": "C",
        "manzanaId": "C"
      }
    },
    {
      "type": "Feature",
      "geometry": {
        "type": "Polygon",
        "coordinates": [
          [
            [
              4926.504141007505,
              4659.374543549221
            ],
            [
              4972.790105399078,
              4651.213079198876
            ],
            [
              4975.394828064082,
              4665.985195494059
            ],
            [
              4929.108863672508,
              4674.146659844404
            ],
            [
              4926.504141007505,
              4659.374543549221
            ]
          ]
        ]
      },
      "properties": {
        "id": "110",
        "lote": "110",
        "estatus": "disponible",
        "paquete": null,
        "seccion": "ORO",
        "manzana": "C",
        "manzanaId": "C"
      }
    },
    {
      "type": "Feature",
      "geometry": {
        "type": "Polygon",
        "coordinates": [
          [
            [
              4717.432278087873,
              4717.563512738534
            ],
            [
              4763.718242479446,
              4709.402048388189
            ],
            [
              4766.322965144451,
              4724.174164683372
            ],
            [
              4720.037000752876,
              4732.335629033718
            ],
            [
              4717.432278087873,
              4717.563512738534
            ]
          ]
        ]
      },
      "properties": {
        "id": "149",
        "lote": "149",
        "estatus": "disponible",
        "paquete": null,
        "seccion": "ORO",
        "manzana": "C",
        "manzanaId": "C"
      }
    },
    {
      "type": "Feature",
      "geometry": {
        "type": "Polygon",
        "coordinates": [
          [
            [
              4770.611896750532,
              4708.18651114452
            ],
            [
              4816.897861142106,
              4700.025046794174
            ],
            [
              4819.50258380711,
              4714.797163089357
            ],
            [
              4773.216619415536,
              4722.958627439703
            ],
            [
              4770.611896750532,
              4708.18651114452
            ]
          ]
        ]
      },
      "properties": {
        "id": "139",
        "lote": "139",
        "estatus": "disponible",
        "paquete": null,
        "seccion": "ORO",
        "manzana": "C",
        "manzanaId": "C"
      }
    },
    {
      "type": "Feature",
      "geometry": {
        "type": "Polygon",
        "coordinates": [
          [
            [
              4823.7915154131915,
              4698.809509550506
            ],
            [
              4870.077479804765,
              4690.648045200161
            ],
            [
              4872.682202469769,
              4705.420161495344
            ],
            [
              4826.396238078195,
              4713.581625845689
            ],
            [
              4823.7915154131915,
              4698.809509550506
            ]
          ]
        ]
      },
      "properties": {
        "id": "129",
        "lote": "129",
        "estatus": "disponible",
        "paquete": null,
        "seccion": "ORO",
        "manzana": "C",
        "manzanaId": "C"
      }
    },
    {
      "type": "Feature",
      "geometry": {
        "type": "Polygon",
        "coordinates": [
          [
            [
              4876.97113407585,
              4689.4325079564915
            ],
            [
              4923.257098467424,
              4681.271043606146
            ],
            [
              4925.861821132428,
              4696.043159901329
            ],
            [
              4879.575856740855,
              4704.204624251674
            ],
            [
              4876.97113407585,
              4689.4325079564915
            ]
          ]
        ]
      },
      "properties": {
        "id": "119",
        "lote": "119",
        "estatus": "disponible",
        "paquete": null,
        "seccion": "ORO",
        "manzana": "C",
        "manzanaId": "C"
      }
    },
    {
      "type": "Feature",
      "geometry": {
        "type": "Polygon",
        "coordinates": [
          [
            [
              4930.15075273851,
              4680.055506362477
            ],
            [
              4976.436717130084,
              4671.894042012132
            ],
            [
              4979.041439795087,
              4686.666158307315
            ],
            [
              4932.755475403514,
              4694.827622657661
            ],
            [
              4930.15075273851,
              4680.055506362477
            ]
          ]
        ]
      },
      "properties": {
        "id": "109",
        "lote": "109",
        "estatus": "disponible",
        "paquete": null,
        "seccion": "ORO",
        "manzana": "C",
        "manzanaId": "C"
      }
    },
    {
      "type": "Feature",
      "geometry": {
        "type": "Polygon",
        "coordinates": [
          [
            [
              4721.078889818878,
              4738.244475551791
            ],
            [
              4767.364854210452,
              4730.083011201445
            ],
            [
              4769.969576875456,
              4744.8551274966285
            ],
            [
              4723.683612483882,
              4753.016591846974
            ],
            [
              4721.078889818878,
              4738.244475551791
            ]
          ]
        ]
      },
      "properties": {
        "id": "148",
        "lote": "148",
        "estatus": "disponible",
        "paquete": null,
        "seccion": "ORO",
        "manzana": "C",
        "manzanaId": "C"
      }
    },
    {
      "type": "Feature",
      "geometry": {
        "type": "Polygon",
        "coordinates": [
          [
            [
              4774.258508481537,
              4728.867473957776
            ],
            [
              4820.544472873112,
              4720.706009607431
            ],
            [
              4823.149195538115,
              4735.478125902614
            ],
            [
              4776.863231146542,
              4743.639590252959
            ],
            [
              4774.258508481537,
              4728.867473957776
            ]
          ]
        ]
      },
      "properties": {
        "id": "138",
        "lote": "138",
        "estatus": "disponible",
        "paquete": null,
        "seccion": "ORO",
        "manzana": "C",
        "manzanaId": "C"
      }
    },
    {
      "type": "Feature",
      "geometry": {
        "type": "Polygon",
        "coordinates": [
          [
            [
              4827.438127144197,
              4719.490472363762
            ],
            [
              4873.724091535771,
              4711.329008013417
            ],
            [
              4876.328814200775,
              4726.1011243085995
            ],
            [
              4830.042849809201,
              4734.262588658946
            ],
            [
              4827.438127144197,
              4719.490472363762
            ]
          ]
        ]
      },
      "properties": {
        "id": "128",
        "lote": "128",
        "estatus": "disponible",
        "paquete": null,
        "seccion": "ORO",
        "manzana": "C",
        "manzanaId": "C"
      }
    },
    {
      "type": "Feature",
      "geometry": {
        "type": "Polygon",
        "coordinates": [
          [
            [
              4880.617745806856,
              4710.113470769748
            ],
            [
              4926.9037101984295,
              4701.952006419402
            ],
            [
              4929.508432863434,
              4716.724122714585
            ],
            [
              4883.22246847186,
              4724.885587064931
            ],
            [
              4880.617745806856,
              4710.113470769748
            ]
          ]
        ]
      },
      "properties": {
        "id": "118",
        "lote": "118",
        "estatus": "disponible",
        "paquete": null,
        "seccion": "ORO",
        "manzana": "C",
        "manzanaId": "C"
      }
    },
    {
      "type": "Feature",
      "geometry": {
        "type": "Polygon",
        "coordinates": [
          [
            [
              4933.797364469516,
              4700.736469175734
            ],
            [
              4980.083328861089,
              4692.575004825388
            ],
            [
              4982.688051526093,
              4707.3471211205715
            ],
            [
              4936.402087134519,
              4715.508585470917
            ],
            [
              4933.797364469516,
              4700.736469175734
            ]
          ]
        ]
      },
      "properties": {
        "id": "108",
        "lote": "108",
        "estatus": "disponible",
        "paquete": null,
        "seccion": "ORO",
        "manzana": "C",
        "manzanaId": "C"
      }
    },
    {
      "type": "Feature",
      "geometry": {
        "type": "Polygon",
        "coordinates": [
          [
            [
              4724.725501549884,
              4758.925438365047
            ],
            [
              4771.011465941458,
              4750.7639740147015
            ],
            [
              4773.616188606462,
              4765.5360903098845
            ],
            [
              4727.3302242148875,
              4773.69755466023
            ],
            [
              4724.725501549884,
              4758.925438365047
            ]
          ]
        ]
      },
      "properties": {
        "id": "147",
        "lote": "147",
        "estatus": "disponible",
        "paquete": null,
        "seccion": "ORO",
        "manzana": "C",
        "manzanaId": "C"
      }
    },
    {
      "type": "Feature",
      "geometry": {
        "type": "Polygon",
        "coordinates": [
          [
            [
              4777.905120212543,
              4749.548436771033
            ],
            [
              4824.191084604117,
              4741.386972420687
            ],
            [
              4826.795807269121,
              4756.15908871587
            ],
            [
              4780.509842877547,
              4764.320553066216
            ],
            [
              4777.905120212543,
              4749.548436771033
            ]
          ]
        ]
      },
      "properties": {
        "id": "137",
        "lote": "137",
        "estatus": "disponible",
        "paquete": null,
        "seccion": "ORO",
        "manzana": "C",
        "manzanaId": "C"
      }
    },
    {
      "type": "Feature",
      "geometry": {
        "type": "Polygon",
        "coordinates": [
          [
            [
              4831.084738875203,
              4740.171435177019
            ],
            [
              4877.370703266776,
              4732.0099708266725
            ],
            [
              4879.97542593178,
              4746.782087121856
            ],
            [
              4833.689461540206,
              4754.943551472202
            ],
            [
              4831.084738875203,
              4740.171435177019
            ]
          ]
        ]
      },
      "properties": {
        "id": "127",
        "lote": "127",
        "estatus": "disponible",
        "paquete": null,
        "seccion": "ORO",
        "manzana": "C",
        "manzanaId": "C"
      }
    },
    {
      "type": "Feature",
      "geometry": {
        "type": "Polygon",
        "coordinates": [
          [
            [
              4884.2643575378615,
              4730.794433583004
            ],
            [
              4930.550321929435,
              4722.632969232659
            ],
            [
              4933.1550445944395,
              4737.405085527842
            ],
            [
              4886.869080202866,
              4745.566549878187
            ],
            [
              4884.2643575378615,
              4730.794433583004
            ]
          ]
        ]
      },
      "properties": {
        "id": "117",
        "lote": "117",
        "estatus": "disponible",
        "paquete": null,
        "seccion": "ORO",
        "manzana": "C",
        "manzanaId": "C"
      }
    },
    {
      "type": "Feature",
      "geometry": {
        "type": "Polygon",
        "coordinates": [
          [
            [
              4937.44397620052,
              4721.41743198899
            ],
            [
              4983.729940592095,
              4713.2559676386445
            ],
            [
              4986.334663257098,
              4728.0280839338275
            ],
            [
              4940.048698865525,
              4736.189548284173
            ],
            [
              4937.44397620052,
              4721.41743198899
            ]
          ]
        ]
      },
      "properties": {
        "id": "107",
        "lote": "107",
        "estatus": "disponible",
        "paquete": null,
        "seccion": "ORO",
        "manzana": "C",
        "manzanaId": "C"
      }
    },
    {
      "type": "Feature",
      "geometry": {
        "type": "Polygon",
        "coordinates": [
          [
            [
              4728.37211328089,
              4779.606401178304
            ],
            [
              4774.658077672463,
              4771.4449368279575
            ],
            [
              4777.2628003374675,
              4786.21705312314
            ],
            [
              4730.976835945893,
              4794.378517473487
            ],
            [
              4728.37211328089,
              4779.606401178304
            ]
          ]
        ]
      },
      "properties": {
        "id": "146",
        "lote": "146",
        "estatus": "disponible",
        "paquete": null,
        "seccion": "ORO",
        "manzana": "C",
        "manzanaId": "C"
      }
    },
    {
      "type": "Feature",
      "geometry": {
        "type": "Polygon",
        "coordinates": [
          [
            [
              4781.5517319435485,
              4770.229399584289
            ],
            [
              4827.837696335122,
              4762.067935233944
            ],
            [
              4830.442419000126,
              4776.840051529127
            ],
            [
              4784.156454608553,
              4785.001515879472
            ],
            [
              4781.5517319435485,
              4770.229399584289
            ]
          ]
        ]
      },
      "properties": {
        "id": "136",
        "lote": "136",
        "estatus": "disponible",
        "paquete": null,
        "seccion": "ORO",
        "manzana": "C",
        "manzanaId": "C"
      }
    },
    {
      "type": "Feature",
      "geometry": {
        "type": "Polygon",
        "coordinates": [
          [
            [
              4834.731350606208,
              4760.852397990275
            ],
            [
              4881.017314997782,
              4752.690933639929
            ],
            [
              4883.622037662785,
              4767.463049935112
            ],
            [
              4837.336073271212,
              4775.624514285458
            ],
            [
              4834.731350606208,
              4760.852397990275
            ]
          ]
        ]
      },
      "properties": {
        "id": "126",
        "lote": "126",
        "estatus": "disponible",
        "paquete": null,
        "seccion": "ORO",
        "manzana": "C",
        "manzanaId": "C"
      }
    },
    {
      "type": "Feature",
      "geometry": {
        "type": "Polygon",
        "coordinates": [
          [
            [
              4887.910969268867,
              4751.475396396261
            ],
            [
              4934.196933660441,
              4743.313932045915
            ],
            [
              4936.801656325445,
              4758.086048341098
            ],
            [
              4890.5156919338715,
              4766.247512691444
            ],
            [
              4887.910969268867,
              4751.475396396261
            ]
          ]
        ]
      },
      "properties": {
        "id": "116",
        "lote": "116",
        "estatus": "disponible",
        "paquete": null,
        "seccion": "ORO",
        "manzana": "C",
        "manzanaId": "C"
      }
    },
    {
      "type": "Feature",
      "geometry": {
        "type": "Polygon",
        "coordinates": [
          [
            [
              4941.090587931526,
              4742.098394802247
            ],
            [
              4987.3765523231,
              4733.9369304519005
            ],
            [
              4989.981274988104,
              4748.709046747084
            ],
            [
              4943.69531059653,
              4756.87051109743
            ],
            [
              4941.090587931526,
              4742.098394802247
            ]
          ]
        ]
      },
      "properties": {
        "id": "106",
        "lote": "106",
        "estatus": "disponible",
        "paquete": null,
        "seccion": "ORO",
        "manzana": "C",
        "manzanaId": "C"
      }
    },
    {
      "type": "Feature",
      "geometry": {
        "type": "Polygon",
        "coordinates": [
          [
            [
              4732.018725011895,
              4800.28736399156
            ],
            [
              4778.304689403469,
              4792.125899641214
            ],
            [
              4780.909412068473,
              4806.898015936397
            ],
            [
              4734.623447676899,
              4815.059480286743
            ],
            [
              4732.018725011895,
              4800.28736399156
            ]
          ]
        ]
      },
      "properties": {
        "id": "145",
        "lote": "145",
        "estatus": "disponible",
        "paquete": null,
        "seccion": "ORO",
        "manzana": "C",
        "manzanaId": "C"
      }
    },
    {
      "type": "Feature",
      "geometry": {
        "type": "Polygon",
        "coordinates": [
          [
            [
              4785.198343674554,
              4790.910362397545
            ],
            [
              4831.484308066128,
              4782.7488980472
            ],
            [
              4834.089030731132,
              4797.521014342383
            ],
            [
              4787.803066339558,
              4805.682478692729
            ],
            [
              4785.198343674554,
              4790.910362397545
            ]
          ]
        ]
      },
      "properties": {
        "id": "135",
        "lote": "135",
        "estatus": "disponible",
        "paquete": null,
        "seccion": "ORO",
        "manzana": "C",
        "manzanaId": "C"
      }
    },
    {
      "type": "Feature",
      "geometry": {
        "type": "Polygon",
        "coordinates": [
          [
            [
              4838.377962337214,
              4781.533360803532
            ],
            [
              4884.663926728787,
              4773.371896453185
            ],
            [
              4887.268649393791,
              4788.144012748368
            ],
            [
              4840.982685002217,
              4796.305477098715
            ],
            [
              4838.377962337214,
              4781.533360803532
            ]
          ]
        ]
      },
      "properties": {
        "id": "125",
        "lote": "125",
        "estatus": "disponible",
        "paquete": null,
        "seccion": "ORO",
        "manzana": "C",
        "manzanaId": "C"
      }
    },
    {
      "type": "Feature",
      "geometry": {
        "type": "Polygon",
        "coordinates": [
          [
            [
              4891.557580999873,
              4772.156359209517
            ],
            [
              4937.843545391446,
              4763.994894859172
            ],
            [
              4940.448268056451,
              4778.767011154355
            ],
            [
              4894.162303664877,
              4786.9284755047
            ],
            [
              4891.557580999873,
              4772.156359209517
            ]
          ]
        ]
      },
      "properties": {
        "id": "115",
        "lote": "115",
        "estatus": "disponible",
        "paquete": null,
        "seccion": "ORO",
        "manzana": "C",
        "manzanaId": "C"
      }
    },
    {
      "type": "Feature",
      "geometry": {
        "type": "Polygon",
        "coordinates": [
          [
            [
              4944.737199662532,
              4762.779357615503
            ],
            [
              4991.023164054106,
              4754.617893265157
            ],
            [
              4993.6278867191095,
              4769.39000956034
            ],
            [
              4947.341922327536,
              4777.551473910686
            ],
            [
              4944.737199662532,
              4762.779357615503
            ]
          ]
        ]
      },
      "properties": {
        "id": "105",
        "lote": "105",
        "estatus": "disponible",
        "paquete": null,
        "seccion": "ORO",
        "manzana": "C",
        "manzanaId": "C"
      }
    },
    {
      "type": "Feature",
      "geometry": {
        "type": "Polygon",
        "coordinates": [
          [
            [
              4735.665336742901,
              4820.968326804817
            ],
            [
              4781.951301134474,
              4812.80686245447
            ],
            [
              4784.556023799479,
              4827.578978749653
            ],
            [
              4738.270059407904,
              4835.7404430999995
            ],
            [
              4735.665336742901,
              4820.968326804817
            ]
          ]
        ]
      },
      "properties": {
        "id": "144",
        "lote": "144",
        "estatus": "disponible",
        "paquete": null,
        "seccion": "ORO",
        "manzana": "C",
        "manzanaId": "C"
      }
    },
    {
      "type": "Feature",
      "geometry": {
        "type": "Polygon",
        "coordinates": [
          [
            [
              4788.84495540556,
              4811.591325210802
            ],
            [
              4835.130919797133,
              4803.429860860456
            ],
            [
              4837.735642462138,
              4818.20197715564
            ],
            [
              4791.449678070564,
              4826.363441505985
            ],
            [
              4788.84495540556,
              4811.591325210802
            ]
          ]
        ]
      },
      "properties": {
        "id": "134",
        "lote": "134",
        "estatus": "disponible",
        "paquete": null,
        "seccion": "ORO",
        "manzana": "C",
        "manzanaId": "C"
      }
    },
    {
      "type": "Feature",
      "geometry": {
        "type": "Polygon",
        "coordinates": [
          [
            [
              4842.024574068219,
              4802.214323616788
            ],
            [
              4888.310538459793,
              4794.052859266442
            ],
            [
              4890.915261124796,
              4808.824975561625
            ],
            [
              4844.629296733223,
              4816.986439911971
            ],
            [
              4842.024574068219,
              4802.214323616788
            ]
          ]
        ]
      },
      "properties": {
        "id": "124",
        "lote": "124",
        "estatus": "disponible",
        "paquete": null,
        "seccion": "ORO",
        "manzana": "C",
        "manzanaId": "C"
      }
    },
    {
      "type": "Feature",
      "geometry": {
        "type": "Polygon",
        "coordinates": [
          [
            [
              4895.204192730878,
              4792.837322022773
            ],
            [
              4941.490157122452,
              4784.675857672428
            ],
            [
              4944.094879787456,
              4799.447973967611
            ],
            [
              4897.808915395883,
              4807.609438317957
            ],
            [
              4895.204192730878,
              4792.837322022773
            ]
          ]
        ]
      },
      "properties": {
        "id": "114",
        "lote": "114",
        "estatus": "disponible",
        "paquete": null,
        "seccion": "ORO",
        "manzana": "C",
        "manzanaId": "C"
      }
    },
    {
      "type": "Feature",
      "geometry": {
        "type": "Polygon",
        "coordinates": [
          [
            [
              4948.383811393537,
              4783.46032042876
            ],
            [
              4994.669775785112,
              4775.298856078413
            ],
            [
              4997.274498450115,
              4790.070972373596
            ],
            [
              4950.9885340585415,
              4798.232436723943
            ],
            [
              4948.383811393537,
              4783.46032042876
            ]
          ]
        ]
      },
      "properties": {
        "id": "104",
        "lote": "104",
        "estatus": "disponible",
        "paquete": null,
        "seccion": "ORO",
        "manzana": "C",
        "manzanaId": "C"
      }
    },
    {
      "type": "Feature",
      "geometry": {
        "type": "Polygon",
        "coordinates": [
          [
            [
              4739.311948473906,
              4841.6492896180725
            ],
            [
              4785.59791286548,
              4833.487825267727
            ],
            [
              4788.202635530483,
              4848.25994156291
            ],
            [
              4741.91667113891,
              4856.4214059132555
            ],
            [
              4739.311948473906,
              4841.6492896180725
            ]
          ]
        ]
      },
      "properties": {
        "id": "143",
        "lote": "143",
        "estatus": "disponible",
        "paquete": null,
        "seccion": "ORO",
        "manzana": "C",
        "manzanaId": "C"
      }
    },
    {
      "type": "Feature",
      "geometry": {
        "type": "Polygon",
        "coordinates": [
          [
            [
              4792.491567136565,
              4832.272288024058
            ],
            [
              4838.777531528139,
              4824.110823673713
            ],
            [
              4841.382254193143,
              4838.882939968896
            ],
            [
              4795.09628980157,
              4847.044404319241
            ],
            [
              4792.491567136565,
              4832.272288024058
            ]
          ]
        ]
      },
      "properties": {
        "id": "133",
        "lote": "133",
        "estatus": "disponible",
        "paquete": null,
        "seccion": "ORO",
        "manzana": "C",
        "manzanaId": "C"
      }
    },
    {
      "type": "Feature",
      "geometry": {
        "type": "Polygon",
        "coordinates": [
          [
            [
              4845.671185799224,
              4822.8952864300445
            ],
            [
              4891.9571501907985,
              4814.733822079698
            ],
            [
              4894.561872855802,
              4829.505938374881
            ],
            [
              4848.275908464228,
              4837.6674027252275
            ],
            [
              4845.671185799224,
              4822.8952864300445
            ]
          ]
        ]
      },
      "properties": {
        "id": "123",
        "lote": "123",
        "estatus": "disponible",
        "paquete": null,
        "seccion": "ORO",
        "manzana": "C",
        "manzanaId": "C"
      }
    },
    {
      "type": "Feature",
      "geometry": {
        "type": "Polygon",
        "coordinates": [
          [
            [
              4898.850804461884,
              4813.51828483603
            ],
            [
              4945.136768853457,
              4805.356820485684
            ],
            [
              4947.741491518462,
              4820.128936780868
            ],
            [
              4901.455527126887,
              4828.290401131213
            ],
            [
              4898.850804461884,
              4813.51828483603
            ]
          ]
        ]
      },
      "properties": {
        "id": "113",
        "lote": "113",
        "estatus": "disponible",
        "paquete": null,
        "seccion": "ORO",
        "manzana": "C",
        "manzanaId": "C"
      }
    },
    {
      "type": "Feature",
      "geometry": {
        "type": "Polygon",
        "coordinates": [
          [
            [
              4952.030423124543,
              4804.141283242016
            ],
            [
              4998.316387516117,
              4795.97981889167
            ],
            [
              5000.921110181121,
              4810.751935186853
            ],
            [
              4954.635145789547,
              4818.9133995371985
            ],
            [
              4952.030423124543,
              4804.141283242016
            ]
          ]
        ]
      },
      "properties": {
        "id": "103",
        "lote": "103",
        "estatus": "disponible",
        "paquete": null,
        "seccion": "ORO",
        "manzana": "C",
        "manzanaId": "C"
      }
    },
    {
      "type": "Feature",
      "geometry": {
        "type": "Polygon",
        "coordinates": [
          [
            [
              4742.958560204912,
              4862.3302524313285
            ],
            [
              4789.2445245964855,
              4854.168788080983
            ],
            [
              4791.849247261489,
              4868.940904376166
            ],
            [
              4745.563282869915,
              4877.102368726512
            ],
            [
              4742.958560204912,
              4862.3302524313285
            ]
          ]
        ]
      },
      "properties": {
        "id": "142",
        "lote": "142",
        "estatus": "disponible",
        "paquete": null,
        "seccion": "ORO",
        "manzana": "C",
        "manzanaId": "C"
      }
    },
    {
      "type": "Feature",
      "geometry": {
        "type": "Polygon",
        "coordinates": [
          [
            [
              4796.138178867571,
              4852.953250837315
            ],
            [
              4842.424143259144,
              4844.791786486969
            ],
            [
              4845.028865924149,
              4859.563902782152
            ],
            [
              4798.742901532575,
              4867.725367132498
            ],
            [
              4796.138178867571,
              4852.953250837315
            ]
          ]
        ]
      },
      "properties": {
        "id": "132",
        "lote": "132",
        "estatus": "disponible",
        "paquete": null,
        "seccion": "ORO",
        "manzana": "C",
        "manzanaId": "C"
      }
    },
    {
      "type": "Feature",
      "geometry": {
        "type": "Polygon",
        "coordinates": [
          [
            [
              4849.31779753023,
              4843.5762492433005
            ],
            [
              4895.603761921804,
              4835.414784892955
            ],
            [
              4898.208484586808,
              4850.186901188138
            ],
            [
              4851.922520195234,
              4858.348365538483
            ],
            [
              4849.31779753023,
              4843.5762492433005
            ]
          ]
        ]
      },
      "properties": {
        "id": "122",
        "lote": "122",
        "estatus": "disponible",
        "paquete": null,
        "seccion": "ORO",
        "manzana": "C",
        "manzanaId": "C"
      }
    },
    {
      "type": "Feature",
      "geometry": {
        "type": "Polygon",
        "coordinates": [
          [
            [
              4902.497416192889,
              4834.199247649286
            ],
            [
              4948.783380584463,
              4826.037783298941
            ],
            [
              4951.388103249467,
              4840.809899594124
            ],
            [
              4905.102138857893,
              4848.971363944469
            ],
            [
              4902.497416192889,
              4834.199247649286
            ]
          ]
        ]
      },
      "properties": {
        "id": "112",
        "lote": "112",
        "estatus": "disponible",
        "paquete": null,
        "seccion": "ORO",
        "manzana": "C",
        "manzanaId": "C"
      }
    },
    {
      "type": "Feature",
      "geometry": {
        "type": "Polygon",
        "coordinates": [
          [
            [
              4955.677034855548,
              4824.822246055272
            ],
            [
              5001.962999247122,
              4816.660781704926
            ],
            [
              5004.567721912126,
              4831.432898000109
            ],
            [
              4958.281757520553,
              4839.594362350455
            ],
            [
              4955.677034855548,
              4824.822246055272
            ]
          ]
        ]
      },
      "properties": {
        "id": "102",
        "lote": "102",
        "estatus": "disponible",
        "paquete": null,
        "seccion": "ORO",
        "manzana": "C",
        "manzanaId": "C"
      }
    },
    {
      "type": "Feature",
      "geometry": {
        "type": "Polygon",
        "coordinates": [
          [
            [
              4746.6051719359175,
              4883.011215244585
            ],
            [
              4792.891136327491,
              4874.849750894239
            ],
            [
              4795.4958589924945,
              4889.621867189423
            ],
            [
              4749.209894600921,
              4897.783331539768
            ],
            [
              4746.6051719359175,
              4883.011215244585
            ]
          ]
        ]
      },
      "properties": {
        "id": "141",
        "lote": "141",
        "estatus": "disponible",
        "paquete": null,
        "seccion": "ORO",
        "manzana": "C",
        "manzanaId": "C"
      }
    },
    {
      "type": "Feature",
      "geometry": {
        "type": "Polygon",
        "coordinates": [
          [
            [
              4799.784790598576,
              4873.634213650571
            ],
            [
              4846.07075499015,
              4865.472749300226
            ],
            [
              4848.675477655154,
              4880.244865595409
            ],
            [
              4802.389513263581,
              4888.406329945754
            ],
            [
              4799.784790598576,
              4873.634213650571
            ]
          ]
        ]
      },
      "properties": {
        "id": "131",
        "lote": "131",
        "estatus": "disponible",
        "paquete": null,
        "seccion": "ORO",
        "manzana": "C",
        "manzanaId": "C"
      }
    },
    {
      "type": "Feature",
      "geometry": {
        "type": "Polygon",
        "coordinates": [
          [
            [
              4852.964409261235,
              4864.257212056556
            ],
            [
              4899.25037365281,
              4856.095747706211
            ],
            [
              4901.855096317813,
              4870.867864001394
            ],
            [
              4855.56913192624,
              4879.02932835174
            ],
            [
              4852.964409261235,
              4864.257212056556
            ]
          ]
        ]
      },
      "properties": {
        "id": "121",
        "lote": "121",
        "estatus": "disponible",
        "paquete": null,
        "seccion": "ORO",
        "manzana": "C",
        "manzanaId": "C"
      }
    },
    {
      "type": "Feature",
      "geometry": {
        "type": "Polygon",
        "coordinates": [
          [
            [
              4906.144027923895,
              4854.880210462543
            ],
            [
              4952.429992315469,
              4846.718746112197
            ],
            [
              4955.034714980473,
              4861.49086240738
            ],
            [
              4908.7487505888985,
              4869.652326757726
            ],
            [
              4906.144027923895,
              4854.880210462543
            ]
          ]
        ]
      },
      "properties": {
        "id": "111",
        "lote": "111",
        "estatus": "disponible",
        "paquete": null,
        "seccion": "ORO",
        "manzana": "C",
        "manzanaId": "C"
      }
    },
    {
      "type": "Feature",
      "geometry": {
        "type": "Polygon",
        "coordinates": [
          [
            [
              4959.323646586554,
              4845.503208868528
            ],
            [
              5005.609610978128,
              4837.341744518183
            ],
            [
              5008.214333643132,
              4852.113860813366
            ],
            [
              4961.928369251558,
              4860.275325163711
            ],
            [
              4959.323646586554,
              4845.503208868528
            ]
          ]
        ]
      },
      "properties": {
        "id": "101",
        "lote": "101",
        "estatus": "disponible",
        "paquete": null,
        "seccion": "ORO",
        "manzana": "C",
        "manzanaId": "C"
      }
    },
    {
      "type": "Feature",
      "geometry": {
        "type": "Polygon",
        "coordinates": [
          [
            [
              4755.285666356867,
              4928.885241871295
            ],
            [
              4801.571630748441,
              4920.72377752095
            ],
            [
              4804.176353413445,
              4935.495893816133
            ],
            [
              4757.890389021872,
              4943.657358166478
            ],
            [
              4755.285666356867,
              4928.885241871295
            ]
          ]
        ]
      },
      "properties": {
        "id": "200",
        "lote": "200",
        "estatus": "disponible",
        "paquete": null,
        "seccion": "ORO",
        "manzana": "D",
        "manzanaId": "D"
      }
    },
    {
      "type": "Feature",
      "geometry": {
        "type": "Polygon",
        "coordinates": [
          [
            [
              4808.465285019526,
              4919.5082402772805
            ],
            [
              4854.751249411101,
              4911.346775926935
            ],
            [
              4857.355972076104,
              4926.118892222118
            ],
            [
              4811.0700076845305,
              4934.2803565724635
            ],
            [
              4808.465285019526,
              4919.5082402772805
            ]
          ]
        ]
      },
      "properties": {
        "id": "190",
        "lote": "190",
        "estatus": "disponible",
        "paquete": null,
        "seccion": "ORO",
        "manzana": "D",
        "manzanaId": "D"
      }
    },
    {
      "type": "Feature",
      "geometry": {
        "type": "Polygon",
        "coordinates": [
          [
            [
              4861.644903682186,
              4910.131238683267
            ],
            [
              4907.9308680737595,
              4901.969774332921
            ],
            [
              4910.535590738764,
              4916.741890628104
            ],
            [
              4864.249626347189,
              4924.90335497845
            ],
            [
              4861.644903682186,
              4910.131238683267
            ]
          ]
        ]
      },
      "properties": {
        "id": "180",
        "lote": "180",
        "estatus": "disponible",
        "paquete": null,
        "seccion": "ORO",
        "manzana": "D",
        "manzanaId": "D"
      }
    },
    {
      "type": "Feature",
      "geometry": {
        "type": "Polygon",
        "coordinates": [
          [
            [
              4914.824522344845,
              4900.7542370892525
            ],
            [
              4961.110486736418,
              4892.592772738906
            ],
            [
              4963.715209401423,
              4907.36488903409
            ],
            [
              4917.429245009849,
              4915.526353384435
            ],
            [
              4914.824522344845,
              4900.7542370892525
            ]
          ]
        ]
      },
      "properties": {
        "id": "170",
        "lote": "170",
        "estatus": "disponible",
        "paquete": null,
        "seccion": "ORO",
        "manzana": "D",
        "manzanaId": "D"
      }
    },
    {
      "type": "Feature",
      "geometry": {
        "type": "Polygon",
        "coordinates": [
          [
            [
              4968.004141007505,
              4891.377235495238
            ],
            [
              5014.290105399078,
              4883.215771144893
            ],
            [
              5016.894828064082,
              4897.987887440076
            ],
            [
              4970.608863672508,
              4906.149351790421
            ],
            [
              4968.004141007505,
              4891.377235495238
            ]
          ]
        ]
      },
      "properties": {
        "id": "160",
        "lote": "160",
        "estatus": "disponible",
        "paquete": null,
        "seccion": "ORO",
        "manzana": "D",
        "manzanaId": "D"
      }
    },
    {
      "type": "Feature",
      "geometry": {
        "type": "Polygon",
        "coordinates": [
          [
            [
              4758.932278087873,
              4949.566204684551
            ],
            [
              4805.218242479446,
              4941.404740334206
            ],
            [
              4807.822965144451,
              4956.176856629389
            ],
            [
              4761.537000752876,
              4964.338320979735
            ],
            [
              4758.932278087873,
              4949.566204684551
            ]
          ]
        ]
      },
      "properties": {
        "id": "199",
        "lote": "199",
        "estatus": "disponible",
        "paquete": null,
        "seccion": "ORO",
        "manzana": "D",
        "manzanaId": "D"
      }
    },
    {
      "type": "Feature",
      "geometry": {
        "type": "Polygon",
        "coordinates": [
          [
            [
              4812.111896750532,
              4940.189203090537
            ],
            [
              4858.397861142106,
              4932.027738740191
            ],
            [
              4861.00258380711,
              4946.799855035374
            ],
            [
              4814.716619415536,
              4954.96131938572
            ],
            [
              4812.111896750532,
              4940.189203090537
            ]
          ]
        ]
      },
      "properties": {
        "id": "189",
        "lote": "189",
        "estatus": "disponible",
        "paquete": null,
        "seccion": "ORO",
        "manzana": "D",
        "manzanaId": "D"
      }
    },
    {
      "type": "Feature",
      "geometry": {
        "type": "Polygon",
        "coordinates": [
          [
            [
              4865.2915154131915,
              4930.812201496523
            ],
            [
              4911.577479804765,
              4922.650737146178
            ],
            [
              4914.182202469769,
              4937.4228534413605
            ],
            [
              4867.896238078195,
              4945.584317791706
            ],
            [
              4865.2915154131915,
              4930.812201496523
            ]
          ]
        ]
      },
      "properties": {
        "id": "179",
        "lote": "179",
        "estatus": "disponible",
        "paquete": null,
        "seccion": "ORO",
        "manzana": "D",
        "manzanaId": "D"
      }
    },
    {
      "type": "Feature",
      "geometry": {
        "type": "Polygon",
        "coordinates": [
          [
            [
              4918.47113407585,
              4921.435199902508
            ],
            [
              4964.757098467424,
              4913.273735552163
            ],
            [
              4967.361821132428,
              4928.045851847346
            ],
            [
              4921.075856740855,
              4936.207316197691
            ],
            [
              4918.47113407585,
              4921.435199902508
            ]
          ]
        ]
      },
      "properties": {
        "id": "169",
        "lote": "169",
        "estatus": "disponible",
        "paquete": null,
        "seccion": "ORO",
        "manzana": "D",
        "manzanaId": "D"
      }
    },
    {
      "type": "Feature",
      "geometry": {
        "type": "Polygon",
        "coordinates": [
          [
            [
              4971.65075273851,
              4912.058198308494
            ],
            [
              5017.936717130084,
              4903.896733958149
            ],
            [
              5020.541439795087,
              4918.668850253332
            ],
            [
              4974.255475403514,
              4926.830314603678
            ],
            [
              4971.65075273851,
              4912.058198308494
            ]
          ]
        ]
      },
      "properties": {
        "id": "159",
        "lote": "159",
        "estatus": "disponible",
        "paquete": null,
        "seccion": "ORO",
        "manzana": "D",
        "manzanaId": "D"
      }
    },
    {
      "type": "Feature",
      "geometry": {
        "type": "Polygon",
        "coordinates": [
          [
            [
              4762.578889818878,
              4970.247167497808
            ],
            [
              4808.864854210452,
              4962.085703147462
            ],
            [
              4811.469576875456,
              4976.857819442645
            ],
            [
              4765.183612483882,
              4985.019283792991
            ],
            [
              4762.578889818878,
              4970.247167497808
            ]
          ]
        ]
      },
      "properties": {
        "id": "198",
        "lote": "198",
        "estatus": "disponible",
        "paquete": null,
        "seccion": "ORO",
        "manzana": "D",
        "manzanaId": "D"
      }
    },
    {
      "type": "Feature",
      "geometry": {
        "type": "Polygon",
        "coordinates": [
          [
            [
              4815.758508481537,
              4960.870165903793
            ],
            [
              4862.044472873112,
              4952.708701553448
            ],
            [
              4864.649195538115,
              4967.480817848631
            ],
            [
              4818.363231146542,
              4975.642282198976
            ],
            [
              4815.758508481537,
              4960.870165903793
            ]
          ]
        ]
      },
      "properties": {
        "id": "188",
        "lote": "188",
        "estatus": "disponible",
        "paquete": null,
        "seccion": "ORO",
        "manzana": "D",
        "manzanaId": "D"
      }
    },
    {
      "type": "Feature",
      "geometry": {
        "type": "Polygon",
        "coordinates": [
          [
            [
              4868.938127144197,
              4951.493164309779
            ],
            [
              4915.224091535771,
              4943.3316999594335
            ],
            [
              4917.828814200775,
              4958.1038162546165
            ],
            [
              4871.542849809201,
              4966.265280604963
            ],
            [
              4868.938127144197,
              4951.493164309779
            ]
          ]
        ]
      },
      "properties": {
        "id": "178",
        "lote": "178",
        "estatus": "disponible",
        "paquete": null,
        "seccion": "ORO",
        "manzana": "D",
        "manzanaId": "D"
      }
    },
    {
      "type": "Feature",
      "geometry": {
        "type": "Polygon",
        "coordinates": [
          [
            [
              4922.117745806856,
              4942.116162715765
            ],
            [
              4968.4037101984295,
              4933.954698365419
            ],
            [
              4971.008432863434,
              4948.726814660602
            ],
            [
              4924.72246847186,
              4956.888279010948
            ],
            [
              4922.117745806856,
              4942.116162715765
            ]
          ]
        ]
      },
      "properties": {
        "id": "168",
        "lote": "168",
        "estatus": "disponible",
        "paquete": null,
        "seccion": "ORO",
        "manzana": "D",
        "manzanaId": "D"
      }
    },
    {
      "type": "Feature",
      "geometry": {
        "type": "Polygon",
        "coordinates": [
          [
            [
              4975.297364469516,
              4932.739161121751
            ],
            [
              5021.583328861089,
              4924.577696771405
            ],
            [
              5024.188051526093,
              4939.3498130665885
            ],
            [
              4977.902087134519,
              4947.511277416934
            ],
            [
              4975.297364469516,
              4932.739161121751
            ]
          ]
        ]
      },
      "properties": {
        "id": "158",
        "lote": "158",
        "estatus": "disponible",
        "paquete": null,
        "seccion": "ORO",
        "manzana": "D",
        "manzanaId": "D"
      }
    },
    {
      "type": "Feature",
      "geometry": {
        "type": "Polygon",
        "coordinates": [
          [
            [
              4766.225501549884,
              4990.928130311064
            ],
            [
              4812.511465941458,
              4982.7666659607185
            ],
            [
              4815.116188606462,
              4997.538782255901
            ],
            [
              4768.8302242148875,
              5005.700246606247
            ],
            [
              4766.225501549884,
              4990.928130311064
            ]
          ]
        ]
      },
      "properties": {
        "id": "197",
        "lote": "197",
        "estatus": "disponible",
        "paquete": null,
        "seccion": "ORO",
        "manzana": "D",
        "manzanaId": "D"
      }
    },
    {
      "type": "Feature",
      "geometry": {
        "type": "Polygon",
        "coordinates": [
          [
            [
              4819.405120212543,
              4981.55112871705
            ],
            [
              4865.691084604117,
              4973.389664366704
            ],
            [
              4868.295807269121,
              4988.161780661887
            ],
            [
              4822.009842877547,
              4996.323245012233
            ],
            [
              4819.405120212543,
              4981.55112871705
            ]
          ]
        ]
      },
      "properties": {
        "id": "187",
        "lote": "187",
        "estatus": "disponible",
        "paquete": null,
        "seccion": "ORO",
        "manzana": "D",
        "manzanaId": "D"
      }
    },
    {
      "type": "Feature",
      "geometry": {
        "type": "Polygon",
        "coordinates": [
          [
            [
              4872.584738875203,
              4972.174127123036
            ],
            [
              4918.870703266776,
              4964.0126627726895
            ],
            [
              4921.47542593178,
              4978.784779067873
            ],
            [
              4875.189461540206,
              4986.946243418219
            ],
            [
              4872.584738875203,
              4972.174127123036
            ]
          ]
        ]
      },
      "properties": {
        "id": "177",
        "lote": "177",
        "estatus": "disponible",
        "paquete": null,
        "seccion": "ORO",
        "manzana": "D",
        "manzanaId": "D"
      }
    },
    {
      "type": "Feature",
      "geometry": {
        "type": "Polygon",
        "coordinates": [
          [
            [
              4925.7643575378615,
              4962.797125529021
            ],
            [
              4972.050321929435,
              4954.635661178676
            ],
            [
              4974.6550445944395,
              4969.407777473859
            ],
            [
              4928.369080202866,
              4977.569241824204
            ],
            [
              4925.7643575378615,
              4962.797125529021
            ]
          ]
        ]
      },
      "properties": {
        "id": "167",
        "lote": "167",
        "estatus": "disponible",
        "paquete": null,
        "seccion": "ORO",
        "manzana": "D",
        "manzanaId": "D"
      }
    },
    {
      "type": "Feature",
      "geometry": {
        "type": "Polygon",
        "coordinates": [
          [
            [
              4978.94397620052,
              4953.420123935007
            ],
            [
              5025.229940592095,
              4945.2586595846615
            ],
            [
              5027.834663257098,
              4960.030775879844
            ],
            [
              4981.548698865525,
              4968.19224023019
            ],
            [
              4978.94397620052,
              4953.420123935007
            ]
          ]
        ]
      },
      "properties": {
        "id": "157",
        "lote": "157",
        "estatus": "disponible",
        "paquete": null,
        "seccion": "ORO",
        "manzana": "D",
        "manzanaId": "D"
      }
    },
    {
      "type": "Feature",
      "geometry": {
        "type": "Polygon",
        "coordinates": [
          [
            [
              4769.87211328089,
              5011.609093124321
            ],
            [
              4816.158077672463,
              5003.447628773974
            ],
            [
              4818.7628003374675,
              5018.219745069157
            ],
            [
              4772.476835945893,
              5026.381209419504
            ],
            [
              4769.87211328089,
              5011.609093124321
            ]
          ]
        ]
      },
      "properties": {
        "id": "196",
        "lote": "196",
        "estatus": "disponible",
        "paquete": null,
        "seccion": "ORO",
        "manzana": "D",
        "manzanaId": "D"
      }
    },
    {
      "type": "Feature",
      "geometry": {
        "type": "Polygon",
        "coordinates": [
          [
            [
              4823.0517319435485,
              5002.232091530306
            ],
            [
              4869.337696335122,
              4994.070627179961
            ],
            [
              4871.942419000126,
              5008.842743475144
            ],
            [
              4825.656454608553,
              5017.004207825489
            ],
            [
              4823.0517319435485,
              5002.232091530306
            ]
          ]
        ]
      },
      "properties": {
        "id": "186",
        "lote": "186",
        "estatus": "disponible",
        "paquete": null,
        "seccion": "ORO",
        "manzana": "D",
        "manzanaId": "D"
      }
    },
    {
      "type": "Feature",
      "geometry": {
        "type": "Polygon",
        "coordinates": [
          [
            [
              4876.231350606208,
              4992.855089936292
            ],
            [
              4922.517314997782,
              4984.693625585946
            ],
            [
              4925.122037662785,
              4999.465741881129
            ],
            [
              4878.836073271212,
              5007.627206231475
            ],
            [
              4876.231350606208,
              4992.855089936292
            ]
          ]
        ]
      },
      "properties": {
        "id": "176",
        "lote": "176",
        "estatus": "disponible",
        "paquete": null,
        "seccion": "ORO",
        "manzana": "D",
        "manzanaId": "D"
      }
    },
    {
      "type": "Feature",
      "geometry": {
        "type": "Polygon",
        "coordinates": [
          [
            [
              4929.410969268867,
              4983.478088342278
            ],
            [
              4975.696933660441,
              4975.316623991932
            ],
            [
              4978.301656325445,
              4990.088740287115
            ],
            [
              4932.0156919338715,
              4998.250204637461
            ],
            [
              4929.410969268867,
              4983.478088342278
            ]
          ]
        ]
      },
      "properties": {
        "id": "166",
        "lote": "166",
        "estatus": "disponible",
        "paquete": null,
        "seccion": "ORO",
        "manzana": "D",
        "manzanaId": "D"
      }
    },
    {
      "type": "Feature",
      "geometry": {
        "type": "Polygon",
        "coordinates": [
          [
            [
              4982.590587931526,
              4974.101086748264
            ],
            [
              5028.8765523231,
              4965.939622397917
            ],
            [
              5031.481274988104,
              4980.711738693101
            ],
            [
              4985.19531059653,
              4988.873203043447
            ],
            [
              4982.590587931526,
              4974.101086748264
            ]
          ]
        ]
      },
      "properties": {
        "id": "156",
        "lote": "156",
        "estatus": "disponible",
        "paquete": null,
        "seccion": "ORO",
        "manzana": "D",
        "manzanaId": "D"
      }
    },
    {
      "type": "Feature",
      "geometry": {
        "type": "Polygon",
        "coordinates": [
          [
            [
              4773.518725011895,
              5032.290055937577
            ],
            [
              4819.804689403469,
              5024.128591587231
            ],
            [
              4822.409412068473,
              5038.900707882414
            ],
            [
              4776.123447676899,
              5047.06217223276
            ],
            [
              4773.518725011895,
              5032.290055937577
            ]
          ]
        ]
      },
      "properties": {
        "id": "195",
        "lote": "195",
        "estatus": "disponible",
        "paquete": null,
        "seccion": "ORO",
        "manzana": "D",
        "manzanaId": "D"
      }
    },
    {
      "type": "Feature",
      "geometry": {
        "type": "Polygon",
        "coordinates": [
          [
            [
              4826.698343674554,
              5022.913054343562
            ],
            [
              4872.984308066128,
              5014.751589993217
            ],
            [
              4875.589030731132,
              5029.5237062884
            ],
            [
              4829.303066339558,
              5037.685170638746
            ],
            [
              4826.698343674554,
              5022.913054343562
            ]
          ]
        ]
      },
      "properties": {
        "id": "185",
        "lote": "185",
        "estatus": "disponible",
        "paquete": null,
        "seccion": "ORO",
        "manzana": "D",
        "manzanaId": "D"
      }
    },
    {
      "type": "Feature",
      "geometry": {
        "type": "Polygon",
        "coordinates": [
          [
            [
              4879.877962337214,
              5013.536052749549
            ],
            [
              4926.163926728787,
              5005.374588399202
            ],
            [
              4928.768649393791,
              5020.146704694385
            ],
            [
              4882.482685002217,
              5028.308169044732
            ],
            [
              4879.877962337214,
              5013.536052749549
            ]
          ]
        ]
      },
      "properties": {
        "id": "175",
        "lote": "175",
        "estatus": "disponible",
        "paquete": null,
        "seccion": "ORO",
        "manzana": "D",
        "manzanaId": "D"
      }
    },
    {
      "type": "Feature",
      "geometry": {
        "type": "Polygon",
        "coordinates": [
          [
            [
              4933.057580999873,
              5004.159051155534
            ],
            [
              4979.343545391446,
              4995.997586805189
            ],
            [
              4981.948268056451,
              5010.769703100372
            ],
            [
              4935.662303664877,
              5018.931167450717
            ],
            [
              4933.057580999873,
              5004.159051155534
            ]
          ]
        ]
      },
      "properties": {
        "id": "165",
        "lote": "165",
        "estatus": "disponible",
        "paquete": null,
        "seccion": "ORO",
        "manzana": "D",
        "manzanaId": "D"
      }
    },
    {
      "type": "Feature",
      "geometry": {
        "type": "Polygon",
        "coordinates": [
          [
            [
              4986.237199662532,
              4994.78204956152
            ],
            [
              5032.523164054106,
              4986.620585211174
            ],
            [
              5035.1278867191095,
              5001.392701506357
            ],
            [
              4988.841922327536,
              5009.554165856703
            ],
            [
              4986.237199662532,
              4994.78204956152
            ]
          ]
        ]
      },
      "properties": {
        "id": "155",
        "lote": "155",
        "estatus": "disponible",
        "paquete": null,
        "seccion": "ORO",
        "manzana": "D",
        "manzanaId": "D"
      }
    },
    {
      "type": "Feature",
      "geometry": {
        "type": "Polygon",
        "coordinates": [
          [
            [
              4777.165336742901,
              5052.9710187508335
            ],
            [
              4823.451301134474,
              5044.809554400487
            ],
            [
              4826.056023799479,
              5059.58167069567
            ],
            [
              4779.770059407904,
              5067.7431350460165
            ],
            [
              4777.165336742901,
              5052.9710187508335
            ]
          ]
        ]
      },
      "properties": {
        "id": "194",
        "lote": "194",
        "estatus": "disponible",
        "paquete": null,
        "seccion": "ORO",
        "manzana": "D",
        "manzanaId": "D"
      }
    },
    {
      "type": "Feature",
      "geometry": {
        "type": "Polygon",
        "coordinates": [
          [
            [
              4830.34495540556,
              5043.594017156819
            ],
            [
              4876.630919797133,
              5035.432552806473
            ],
            [
              4879.235642462138,
              5050.204669101657
            ],
            [
              4832.949678070564,
              5058.366133452002
            ],
            [
              4830.34495540556,
              5043.594017156819
            ]
          ]
        ]
      },
      "properties": {
        "id": "184",
        "lote": "184",
        "estatus": "disponible",
        "paquete": null,
        "seccion": "ORO",
        "manzana": "D",
        "manzanaId": "D"
      }
    },
    {
      "type": "Feature",
      "geometry": {
        "type": "Polygon",
        "coordinates": [
          [
            [
              4883.524574068219,
              5034.217015562805
            ],
            [
              4929.810538459793,
              5026.055551212459
            ],
            [
              4932.415261124796,
              5040.827667507642
            ],
            [
              4886.129296733223,
              5048.989131857988
            ],
            [
              4883.524574068219,
              5034.217015562805
            ]
          ]
        ]
      },
      "properties": {
        "id": "174",
        "lote": "174",
        "estatus": "disponible",
        "paquete": null,
        "seccion": "ORO",
        "manzana": "D",
        "manzanaId": "D"
      }
    },
    {
      "type": "Feature",
      "geometry": {
        "type": "Polygon",
        "coordinates": [
          [
            [
              4936.704192730878,
              5024.84001396879
            ],
            [
              4982.990157122452,
              5016.678549618445
            ],
            [
              4985.594879787456,
              5031.450665913628
            ],
            [
              4939.308915395883,
              5039.612130263974
            ],
            [
              4936.704192730878,
              5024.84001396879
            ]
          ]
        ]
      },
      "properties": {
        "id": "164",
        "lote": "164",
        "estatus": "disponible",
        "paquete": null,
        "seccion": "ORO",
        "manzana": "D",
        "manzanaId": "D"
      }
    },
    {
      "type": "Feature",
      "geometry": {
        "type": "Polygon",
        "coordinates": [
          [
            [
              4989.883811393537,
              5015.463012374777
            ],
            [
              5036.169775785112,
              5007.30154802443
            ],
            [
              5038.774498450115,
              5022.073664319613
            ],
            [
              4992.4885340585415,
              5030.2351286699595
            ],
            [
              4989.883811393537,
              5015.463012374777
            ]
          ]
        ]
      },
      "properties": {
        "id": "154",
        "lote": "154",
        "estatus": "disponible",
        "paquete": null,
        "seccion": "ORO",
        "manzana": "D",
        "manzanaId": "D"
      }
    },
    {
      "type": "Feature",
      "geometry": {
        "type": "Polygon",
        "coordinates": [
          [
            [
              4780.811948473906,
              5073.6519815640895
            ],
            [
              4827.09791286548,
              5065.490517213744
            ],
            [
              4829.702635530483,
              5080.262633508927
            ],
            [
              4783.41667113891,
              5088.4240978592725
            ],
            [
              4780.811948473906,
              5073.6519815640895
            ]
          ]
        ]
      },
      "properties": {
        "id": "193",
        "lote": "193",
        "estatus": "disponible",
        "paquete": null,
        "seccion": "ORO",
        "manzana": "D",
        "manzanaId": "D"
      }
    },
    {
      "type": "Feature",
      "geometry": {
        "type": "Polygon",
        "coordinates": [
          [
            [
              4833.991567136565,
              5064.274979970075
            ],
            [
              4880.277531528139,
              5056.11351561973
            ],
            [
              4882.882254193143,
              5070.885631914913
            ],
            [
              4836.59628980157,
              5079.047096265258
            ],
            [
              4833.991567136565,
              5064.274979970075
            ]
          ]
        ]
      },
      "properties": {
        "id": "183",
        "lote": "183",
        "estatus": "disponible",
        "paquete": null,
        "seccion": "ORO",
        "manzana": "D",
        "manzanaId": "D"
      }
    },
    {
      "type": "Feature",
      "geometry": {
        "type": "Polygon",
        "coordinates": [
          [
            [
              4887.171185799224,
              5054.8979783760615
            ],
            [
              4933.4571501907985,
              5046.736514025715
            ],
            [
              4936.061872855802,
              5061.508630320898
            ],
            [
              4889.775908464228,
              5069.670094671244
            ],
            [
              4887.171185799224,
              5054.8979783760615
            ]
          ]
        ]
      },
      "properties": {
        "id": "173",
        "lote": "173",
        "estatus": "disponible",
        "paquete": null,
        "seccion": "ORO",
        "manzana": "D",
        "manzanaId": "D"
      }
    },
    {
      "type": "Feature",
      "geometry": {
        "type": "Polygon",
        "coordinates": [
          [
            [
              4940.350804461884,
              5045.520976782047
            ],
            [
              4986.636768853457,
              5037.359512431701
            ],
            [
              4989.241491518462,
              5052.131628726885
            ],
            [
              4942.955527126887,
              5060.29309307723
            ],
            [
              4940.350804461884,
              5045.520976782047
            ]
          ]
        ]
      },
      "properties": {
        "id": "163",
        "lote": "163",
        "estatus": "disponible",
        "paquete": null,
        "seccion": "ORO",
        "manzana": "D",
        "manzanaId": "D"
      }
    },
    {
      "type": "Feature",
      "geometry": {
        "type": "Polygon",
        "coordinates": [
          [
            [
              4993.530423124543,
              5036.1439751880325
            ],
            [
              5039.816387516117,
              5027.982510837687
            ],
            [
              5042.421110181121,
              5042.75462713287
            ],
            [
              4996.135145789547,
              5050.9160914832155
            ],
            [
              4993.530423124543,
              5036.1439751880325
            ]
          ]
        ]
      },
      "properties": {
        "id": "153",
        "lote": "153",
        "estatus": "disponible",
        "paquete": null,
        "seccion": "ORO",
        "manzana": "D",
        "manzanaId": "D"
      }
    },
    {
      "type": "Feature",
      "geometry": {
        "type": "Polygon",
        "coordinates": [
          [
            [
              4784.458560204912,
              5094.3329443773455
            ],
            [
              4830.7445245964855,
              5086.171480027
            ],
            [
              4833.349247261489,
              5100.943596322183
            ],
            [
              4787.063282869915,
              5109.105060672529
            ],
            [
              4784.458560204912,
              5094.3329443773455
            ]
          ]
        ]
      },
      "properties": {
        "id": "192",
        "lote": "192",
        "estatus": "disponible",
        "paquete": null,
        "seccion": "ORO",
        "manzana": "D",
        "manzanaId": "D"
      }
    },
    {
      "type": "Feature",
      "geometry": {
        "type": "Polygon",
        "coordinates": [
          [
            [
              4837.638178867571,
              5084.955942783332
            ],
            [
              4883.924143259144,
              5076.794478432986
            ],
            [
              4886.528865924149,
              5091.566594728169
            ],
            [
              4840.242901532575,
              5099.728059078515
            ],
            [
              4837.638178867571,
              5084.955942783332
            ]
          ]
        ]
      },
      "properties": {
        "id": "182",
        "lote": "182",
        "estatus": "disponible",
        "paquete": null,
        "seccion": "ORO",
        "manzana": "D",
        "manzanaId": "D"
      }
    },
    {
      "type": "Feature",
      "geometry": {
        "type": "Polygon",
        "coordinates": [
          [
            [
              4890.81779753023,
              5075.578941189317
            ],
            [
              4937.103761921804,
              5067.417476838972
            ],
            [
              4939.708484586808,
              5082.189593134155
            ],
            [
              4893.422520195234,
              5090.3510574845
            ],
            [
              4890.81779753023,
              5075.578941189317
            ]
          ]
        ]
      },
      "properties": {
        "id": "172",
        "lote": "172",
        "estatus": "disponible",
        "paquete": null,
        "seccion": "ORO",
        "manzana": "D",
        "manzanaId": "D"
      }
    },
    {
      "type": "Feature",
      "geometry": {
        "type": "Polygon",
        "coordinates": [
          [
            [
              4943.997416192889,
              5066.201939595303
            ],
            [
              4990.283380584463,
              5058.040475244958
            ],
            [
              4992.888103249467,
              5072.812591540141
            ],
            [
              4946.602138857893,
              5080.974055890486
            ],
            [
              4943.997416192889,
              5066.201939595303
            ]
          ]
        ]
      },
      "properties": {
        "id": "162",
        "lote": "162",
        "estatus": "disponible",
        "paquete": null,
        "seccion": "ORO",
        "manzana": "D",
        "manzanaId": "D"
      }
    },
    {
      "type": "Feature",
      "geometry": {
        "type": "Polygon",
        "coordinates": [
          [
            [
              4997.177034855548,
              5056.824938001289
            ],
            [
              5043.462999247122,
              5048.663473650943
            ],
            [
              5046.067721912126,
              5063.435589946126
            ],
            [
              4999.781757520553,
              5071.597054296472
            ],
            [
              4997.177034855548,
              5056.824938001289
            ]
          ]
        ]
      },
      "properties": {
        "id": "152",
        "lote": "152",
        "estatus": "disponible",
        "paquete": null,
        "seccion": "ORO",
        "manzana": "D",
        "manzanaId": "D"
      }
    },
    {
      "type": "Feature",
      "geometry": {
        "type": "Polygon",
        "coordinates": [
          [
            [
              4788.1051719359175,
              5115.013907190602
            ],
            [
              4834.391136327491,
              5106.852442840256
            ],
            [
              4836.9958589924945,
              5121.62455913544
            ],
            [
              4790.709894600921,
              5129.786023485785
            ],
            [
              4788.1051719359175,
              5115.013907190602
            ]
          ]
        ]
      },
      "properties": {
        "id": "191",
        "lote": "191",
        "estatus": "disponible",
        "paquete": null,
        "seccion": "ORO",
        "manzana": "D",
        "manzanaId": "D"
      }
    },
    {
      "type": "Feature",
      "geometry": {
        "type": "Polygon",
        "coordinates": [
          [
            [
              4841.284790598576,
              5105.636905596588
            ],
            [
              4887.57075499015,
              5097.475441246243
            ],
            [
              4890.175477655154,
              5112.2475575414255
            ],
            [
              4843.889513263581,
              5120.409021891771
            ],
            [
              4841.284790598576,
              5105.636905596588
            ]
          ]
        ]
      },
      "properties": {
        "id": "181",
        "lote": "181",
        "estatus": "disponible",
        "paquete": null,
        "seccion": "ORO",
        "manzana": "D",
        "manzanaId": "D"
      }
    },
    {
      "type": "Feature",
      "geometry": {
        "type": "Polygon",
        "coordinates": [
          [
            [
              4894.464409261235,
              5096.259904002573
            ],
            [
              4940.75037365281,
              5088.098439652228
            ],
            [
              4943.355096317813,
              5102.870555947411
            ],
            [
              4897.06913192624,
              5111.032020297757
            ],
            [
              4894.464409261235,
              5096.259904002573
            ]
          ]
        ]
      },
      "properties": {
        "id": "171",
        "lote": "171",
        "estatus": "disponible",
        "paquete": null,
        "seccion": "ORO",
        "manzana": "D",
        "manzanaId": "D"
      }
    },
    {
      "type": "Feature",
      "geometry": {
        "type": "Polygon",
        "coordinates": [
          [
            [
              4947.644027923895,
              5086.88290240856
            ],
            [
              4993.929992315469,
              5078.721438058214
            ],
            [
              4996.534714980473,
              5093.493554353397
            ],
            [
              4950.2487505888985,
              5101.655018703743
            ],
            [
              4947.644027923895,
              5086.88290240856
            ]
          ]
        ]
      },
      "properties": {
        "id": "161",
        "lote": "161",
        "estatus": "disponible",
        "paquete": null,
        "seccion": "ORO",
        "manzana": "D",
        "manzanaId": "D"
      }
    },
    {
      "type": "Feature",
      "geometry": {
        "type": "Polygon",
        "coordinates": [
          [
            [
              5000.823646586554,
              5077.505900814545
            ],
            [
              5047.109610978128,
              5069.3444364642
            ],
            [
              5049.714333643132,
              5084.116552759383
            ],
            [
              5003.428369251558,
              5092.278017109728
            ],
            [
              5000.823646586554,
              5077.505900814545
            ]
          ]
        ]
      },
      "properties": {
        "id": "151",
        "lote": "151",
        "estatus": "disponible",
        "paquete": null,
        "seccion": "ORO",
        "manzana": "D",
        "manzanaId": "D"
      }
    }
  ]
}
